,date,hour,city,time
0,2020-05-01,0,구로구,22.01
1,2020-05-01,0,금천구,16.45
2,2020-05-01,0,동작구,26.35
3,2020-05-01,0,영등포구,20.37
4,2020-05-01,0,은평구,21.76
5,2020-05-01,1,구로구,22.23
6,2020-05-01,1,금천구,18.88
7,2020-05-01,1,영등포구,21.89
8,2020-05-01,1,은평구,16.41
9,2020-05-01,2,금천구,23.15
10,2020-05-01,2,영등포구,18.27
11,2020-05-01,3,영등포구,16.27
12,2020-05-01,4,영등포구,17.05
13,2020-05-01,5,영등포구,16.33
14,2020-05-01,6,영등포구,15.62
15,2020-05-01,7,영등포구,23.22
16,2020-05-01,8,영등포구,19.22
17,2020-05-01,9,영등포구,26.45
18,2020-05-01,10,동작구,28.64
19,2020-05-01,10,영등포구,18.82
20,2020-05-01,10,은평구,19.62
21,2020-05-01,11,구로구,27.85
22,2020-05-01,11,금천구,17.76
23,2020-05-01,11,동작구,34.23
24,2020-05-01,11,영등포구,23.95
25,2020-05-01,11,은평구,20.19
26,2020-05-01,12,구로구,23.46
27,2020-05-01,12,금천구,25.43
28,2020-05-01,12,도봉구,21.61
29,2020-05-01,12,동작구,23.26
30,2020-05-01,12,영등포구,28.3
31,2020-05-01,12,은평구,21.98
32,2020-05-01,13,구로구,20.16
33,2020-05-01,13,금천구,22.55
34,2020-05-01,13,도봉구,26.36
35,2020-05-01,13,동작구,32.64
36,2020-05-01,13,양천구,18.17
37,2020-05-01,13,영등포구,22.93
38,2020-05-01,13,은평구,19.38
39,2020-05-01,14,구로구,25.57
40,2020-05-01,14,금천구,21.11
41,2020-05-01,14,도봉구,19.56
42,2020-05-01,14,동작구,28.05
43,2020-05-01,14,영등포구,21.64
44,2020-05-01,14,은평구,22.62
45,2020-05-01,15,구로구,21.15
46,2020-05-01,15,금천구,25.08
47,2020-05-01,15,도봉구,27.69
48,2020-05-01,15,동작구,23.25
49,2020-05-01,15,영등포구,22.48
50,2020-05-01,15,은평구,22.64
51,2020-05-01,16,구로구,25.64
52,2020-05-01,16,금천구,25.11
53,2020-05-01,16,도봉구,20.22
54,2020-05-01,16,동작구,23.55
55,2020-05-01,16,영등포구,25.88
56,2020-05-01,16,은평구,25.28
57,2020-05-01,17,구로구,25.43
58,2020-05-01,17,금천구,22.64
59,2020-05-01,17,도봉구,18.57
60,2020-05-01,17,동작구,24.2
61,2020-05-01,17,양천구,32.77
62,2020-05-01,17,영등포구,24.39
63,2020-05-01,17,은평구,29.83
64,2020-05-01,18,구로구,27.97
65,2020-05-01,18,금천구,18.23
66,2020-05-01,18,도봉구,23.36
67,2020-05-01,18,동작구,20.44
68,2020-05-01,18,양천구,28.23
69,2020-05-01,18,영등포구,25.9
70,2020-05-01,18,은평구,25.59
71,2020-05-01,19,구로구,29.82
72,2020-05-01,19,금천구,22.78
73,2020-05-01,19,도봉구,20.13
74,2020-05-01,19,동작구,27.19
75,2020-05-01,19,양천구,24.95
76,2020-05-01,19,영등포구,26.59
77,2020-05-01,19,은평구,23.4
78,2020-05-01,20,구로구,24.59
79,2020-05-01,20,금천구,20.89
80,2020-05-01,20,도봉구,20.12
81,2020-05-01,20,동작구,27.8
82,2020-05-01,20,영등포구,21.85
83,2020-05-01,20,은평구,22.98
84,2020-05-01,21,구로구,27.45
85,2020-05-01,21,금천구,20.32
86,2020-05-01,21,도봉구,19.81
87,2020-05-01,21,동작구,26.84
88,2020-05-01,21,양천구,26.97
89,2020-05-01,21,영등포구,26.54
90,2020-05-01,21,은평구,24.06
91,2020-05-01,22,구로구,25.23
92,2020-05-01,22,금천구,17.96
93,2020-05-01,22,도봉구,19.89
94,2020-05-01,22,동작구,30.18
95,2020-05-01,22,영등포구,25.4
96,2020-05-01,22,은평구,22.25
97,2020-05-01,23,구로구,25.12
98,2020-05-01,23,금천구,21.12
99,2020-05-01,23,도봉구,11.7
100,2020-05-01,23,동작구,35.66
101,2020-05-01,23,영등포구,25.5
102,2020-05-01,23,은평구,20.33
103,2020-05-02,0,구로구,22.8
104,2020-05-02,0,금천구,19.21
105,2020-05-02,0,동작구,32.36
106,2020-05-02,0,영등포구,22.3
107,2020-05-02,0,은평구,17.94
108,2020-05-02,1,금천구,23.3
109,2020-05-02,1,영등포구,22.14
110,2020-05-02,1,은평구,18.64
111,2020-05-02,2,영등포구,15.82
112,2020-05-02,3,영등포구,18.86
113,2020-05-02,4,영등포구,18.24
114,2020-05-02,5,영등포구,23.38
115,2020-05-02,6,영등포구,17.1
116,2020-05-02,8,영등포구,24.14
117,2020-05-02,9,동작구,41.27
118,2020-05-02,10,구로구,19.65
119,2020-05-02,10,동작구,23.83
120,2020-05-02,10,영등포구,22.73
121,2020-05-02,11,구로구,31.72
122,2020-05-02,11,금천구,16.35
123,2020-05-02,11,도봉구,16.03
124,2020-05-02,11,동작구,38.29
125,2020-05-02,11,영등포구,21.92
126,2020-05-02,12,구로구,25.95
127,2020-05-02,12,금천구,23.44
128,2020-05-02,12,도봉구,21.57
129,2020-05-02,12,동작구,50.39
130,2020-05-02,12,영등포구,23.17
131,2020-05-02,12,은평구,32.4
132,2020-05-02,13,구로구,26.29
133,2020-05-02,13,금천구,21.73
134,2020-05-02,13,도봉구,18.4
135,2020-05-02,13,동작구,20.7
136,2020-05-02,13,영등포구,20.43
137,2020-05-02,13,은평구,23.68
138,2020-05-02,14,구로구,25.58
139,2020-05-02,14,금천구,24.41
140,2020-05-02,14,도봉구,20.12
141,2020-05-02,14,동작구,15.73
142,2020-05-02,14,영등포구,24.25
143,2020-05-02,14,은평구,24.25
144,2020-05-02,15,구로구,22.49
145,2020-05-02,15,금천구,20.7
146,2020-05-02,15,도봉구,19.69
147,2020-05-02,15,동작구,31.28
148,2020-05-02,15,양천구,20.8
149,2020-05-02,15,영등포구,24.09
150,2020-05-02,15,은평구,33.02
151,2020-05-02,16,구로구,26.29
152,2020-05-02,16,금천구,19.74
153,2020-05-02,16,도봉구,22.58
154,2020-05-02,16,동작구,28.2
155,2020-05-02,16,양천구,30.12
156,2020-05-02,16,영등포구,21.86
157,2020-05-02,16,은평구,24.41
158,2020-05-02,17,구로구,28.49
159,2020-05-02,17,금천구,22.85
160,2020-05-02,17,도봉구,23.67
161,2020-05-02,17,동작구,27.93
162,2020-05-02,17,양천구,19.77
163,2020-05-02,17,영등포구,24.96
164,2020-05-02,17,은평구,23.43
165,2020-05-02,18,구로구,29.64
166,2020-05-02,18,금천구,23.47
167,2020-05-02,18,도봉구,27.36
168,2020-05-02,18,동작구,29.37
169,2020-05-02,18,양천구,19.55
170,2020-05-02,18,영등포구,27.83
171,2020-05-02,18,은평구,25.08
172,2020-05-02,19,구로구,31.26
173,2020-05-02,19,금천구,22.99
174,2020-05-02,19,도봉구,21.25
175,2020-05-02,19,동작구,23.03
176,2020-05-02,19,양천구,23.3
177,2020-05-02,19,영등포구,27.16
178,2020-05-02,19,은평구,24.29
179,2020-05-02,20,구로구,26.14
180,2020-05-02,20,금천구,21.22
181,2020-05-02,20,도봉구,20.22
182,2020-05-02,20,동작구,27.79
183,2020-05-02,20,양천구,30.77
184,2020-05-02,20,영등포구,29.94
185,2020-05-02,20,은평구,19.98
186,2020-05-02,21,구로구,24.16
187,2020-05-02,21,금천구,20.75
188,2020-05-02,21,도봉구,20.28
189,2020-05-02,21,동작구,28.57
190,2020-05-02,21,양천구,24.34
191,2020-05-02,21,영등포구,28.57
192,2020-05-02,21,은평구,23.32
193,2020-05-02,22,구로구,29.46
194,2020-05-02,22,금천구,21.66
195,2020-05-02,22,도봉구,24.73
196,2020-05-02,22,동작구,21.39
197,2020-05-02,22,영등포구,26.14
198,2020-05-02,22,은평구,23.93
199,2020-05-02,23,구로구,26.19
200,2020-05-02,23,금천구,20.43
201,2020-05-02,23,동작구,23.23
202,2020-05-02,23,영등포구,24.9
203,2020-05-02,23,은평구,22.92
204,2020-05-03,0,구로구,18.44
205,2020-05-03,0,금천구,20.56
206,2020-05-03,0,동작구,23.36
207,2020-05-03,0,영등포구,22.4
208,2020-05-03,0,은평구,17.35
209,2020-05-03,1,구로구,21.96
210,2020-05-03,1,금천구,21.61
211,2020-05-03,1,동작구,23.61
212,2020-05-03,1,영등포구,18.55
213,2020-05-03,1,은평구,16.28
214,2020-05-03,2,금천구,16.7
215,2020-05-03,2,영등포구,24.65
216,2020-05-03,3,영등포구,17.94
217,2020-05-03,4,영등포구,22.22
218,2020-05-03,5,영등포구,22.63
219,2020-05-03,6,영등포구,23.47
220,2020-05-03,7,영등포구,15.86
221,2020-05-03,8,영등포구,21.71
222,2020-05-03,9,동작구,40.94
223,2020-05-03,9,영등포구,29.21
224,2020-05-03,10,구로구,28.08
225,2020-05-03,10,동작구,43.62
226,2020-05-03,11,구로구,24.91
227,2020-05-03,11,금천구,18.14
228,2020-05-03,11,동작구,32.45
229,2020-05-03,11,영등포구,21.18
230,2020-05-03,12,구로구,23.05
231,2020-05-03,12,금천구,21.38
232,2020-05-03,12,도봉구,18.12
233,2020-05-03,12,동작구,18.51
234,2020-05-03,12,영등포구,22.84
235,2020-05-03,12,은평구,33.87
236,2020-05-03,13,구로구,27.18
237,2020-05-03,13,금천구,21.85
238,2020-05-03,13,도봉구,28.29
239,2020-05-03,13,동작구,13.48
240,2020-05-03,13,영등포구,27.58
241,2020-05-03,13,은평구,25.44
242,2020-05-03,14,구로구,25.44
243,2020-05-03,14,금천구,22.78
244,2020-05-03,14,도봉구,17.86
245,2020-05-03,14,동작구,35.84
246,2020-05-03,14,양천구,29.92
247,2020-05-03,14,영등포구,26.79
248,2020-05-03,14,은평구,24.87
249,2020-05-03,15,구로구,23.1
250,2020-05-03,15,금천구,17.03
251,2020-05-03,15,도봉구,24.76
252,2020-05-03,15,동작구,19.64
253,2020-05-03,15,영등포구,21.29
254,2020-05-03,15,은평구,25.52
255,2020-05-03,16,구로구,22.94
256,2020-05-03,16,금천구,21.39
257,2020-05-03,16,도봉구,22.95
258,2020-05-03,16,동작구,33.09
259,2020-05-03,16,양천구,17.97
260,2020-05-03,16,영등포구,25.9
261,2020-05-03,16,은평구,26.89
262,2020-05-03,17,구로구,28.58
263,2020-05-03,17,금천구,22.85
264,2020-05-03,17,도봉구,25.25
265,2020-05-03,17,동작구,25.84
266,2020-05-03,17,양천구,22.59
267,2020-05-03,17,영등포구,25.15
268,2020-05-03,17,은평구,22.42
269,2020-05-03,18,강서구,19.62
270,2020-05-03,18,구로구,27.76
271,2020-05-03,18,금천구,20.52
272,2020-05-03,18,도봉구,27.57
273,2020-05-03,18,동작구,32.51
274,2020-05-03,18,양천구,25.87
275,2020-05-03,18,영등포구,27.0
276,2020-05-03,18,은평구,27.12
277,2020-05-03,19,구로구,28.62
278,2020-05-03,19,금천구,22.51
279,2020-05-03,19,도봉구,24.52
280,2020-05-03,19,동작구,30.88
281,2020-05-03,19,양천구,23.13
282,2020-05-03,19,영등포구,23.17
283,2020-05-03,19,은평구,23.82
284,2020-05-03,20,구로구,26.82
285,2020-05-03,20,금천구,20.2
286,2020-05-03,20,도봉구,22.17
287,2020-05-03,20,동작구,25.77
288,2020-05-03,20,양천구,21.68
289,2020-05-03,20,영등포구,25.34
290,2020-05-03,20,은평구,23.3
291,2020-05-03,21,구로구,23.33
292,2020-05-03,21,금천구,19.07
293,2020-05-03,21,도봉구,22.9
294,2020-05-03,21,동작구,34.43
295,2020-05-03,21,양천구,22.52
296,2020-05-03,21,영등포구,23.18
297,2020-05-03,21,은평구,22.52
298,2020-05-03,22,구로구,25.02
299,2020-05-03,22,금천구,20.73
300,2020-05-03,22,도봉구,18.13
301,2020-05-03,22,동작구,30.4
302,2020-05-03,22,양천구,37.47
303,2020-05-03,22,영등포구,23.99
304,2020-05-03,22,은평구,21.07
305,2020-05-03,23,구로구,22.35
306,2020-05-03,23,금천구,21.08
307,2020-05-03,23,동작구,37.55
308,2020-05-03,23,영등포구,26.46
309,2020-05-03,23,은평구,19.13
310,2020-05-04,0,구로구,24.91
311,2020-05-04,0,금천구,21.31
312,2020-05-04,0,동작구,32.58
313,2020-05-04,0,영등포구,20.41
314,2020-05-04,0,은평구,19.13
315,2020-05-04,1,구로구,24.53
316,2020-05-04,1,금천구,18.28
317,2020-05-04,1,영등포구,15.8
318,2020-05-04,1,은평구,18.29
319,2020-05-04,2,금천구,16.82
320,2020-05-04,4,영등포구,17.4
321,2020-05-04,5,영등포구,19.39
322,2020-05-04,9,동작구,27.3
323,2020-05-04,9,영등포구,22.72
324,2020-05-04,10,동작구,11.32
325,2020-05-04,10,영등포구,19.93
326,2020-05-04,11,구로구,27.64
327,2020-05-04,11,금천구,24.87
328,2020-05-04,11,동작구,19.55
329,2020-05-04,12,구로구,26.18
330,2020-05-04,12,금천구,22.3
331,2020-05-04,12,동작구,16.15
332,2020-05-04,12,영등포구,23.65
333,2020-05-04,13,구로구,21.09
334,2020-05-04,13,금천구,20.55
335,2020-05-04,13,도봉구,27.85
336,2020-05-04,13,영등포구,31.14
337,2020-05-04,14,구로구,23.72
338,2020-05-04,14,금천구,18.39
339,2020-05-04,14,도봉구,12.37
340,2020-05-04,14,동작구,34.33
341,2020-05-04,14,영등포구,22.44
342,2020-05-04,14,은평구,20.75
343,2020-05-04,15,구로구,26.18
344,2020-05-04,15,금천구,20.0
345,2020-05-04,15,도봉구,19.45
346,2020-05-04,15,동작구,37.55
347,2020-05-04,15,영등포구,27.27
348,2020-05-04,15,은평구,26.37
349,2020-05-04,16,구로구,23.01
350,2020-05-04,16,금천구,22.4
351,2020-05-04,16,도봉구,22.26
352,2020-05-04,16,동작구,28.66
353,2020-05-04,16,양천구,30.59
354,2020-05-04,16,영등포구,21.54
355,2020-05-04,16,은평구,25.65
356,2020-05-04,17,구로구,26.53
357,2020-05-04,17,금천구,24.39
358,2020-05-04,17,도봉구,25.5
359,2020-05-04,17,동작구,23.59
360,2020-05-04,17,양천구,33.45
361,2020-05-04,17,영등포구,30.55
362,2020-05-04,17,은평구,20.97
363,2020-05-04,18,구로구,29.6
364,2020-05-04,18,금천구,26.47
365,2020-05-04,18,도봉구,25.19
366,2020-05-04,18,동작구,23.62
367,2020-05-04,18,양천구,20.81
368,2020-05-04,18,영등포구,31.41
369,2020-05-04,18,은평구,26.61
370,2020-05-04,19,구로구,30.6
371,2020-05-04,19,금천구,25.73
372,2020-05-04,19,도봉구,22.8
373,2020-05-04,19,동작구,29.19
374,2020-05-04,19,영등포구,35.85
375,2020-05-04,19,은평구,31.53
376,2020-05-04,20,구로구,32.69
377,2020-05-04,20,금천구,23.43
378,2020-05-04,20,도봉구,25.99
379,2020-05-04,20,동작구,22.43
380,2020-05-04,20,양천구,28.32
381,2020-05-04,20,영등포구,28.94
382,2020-05-04,20,은평구,28.03
383,2020-05-04,21,구로구,28.37
384,2020-05-04,21,금천구,22.85
385,2020-05-04,21,도봉구,25.8
386,2020-05-04,21,동작구,26.36
387,2020-05-04,21,양천구,26.25
388,2020-05-04,21,영등포구,25.13
389,2020-05-04,21,은평구,27.03
390,2020-05-04,22,구로구,27.67
391,2020-05-04,22,금천구,20.38
392,2020-05-04,22,도봉구,23.43
393,2020-05-04,22,동작구,31.43
394,2020-05-04,22,양천구,31.71
395,2020-05-04,22,영등포구,22.64
396,2020-05-04,22,은평구,22.5
397,2020-05-04,23,구로구,25.88
398,2020-05-04,23,금천구,18.77
399,2020-05-04,23,도봉구,21.98
400,2020-05-04,23,동작구,45.81
401,2020-05-04,23,영등포구,32.05
402,2020-05-04,23,은평구,25.13
403,2020-05-05,0,구로구,29.13
404,2020-05-05,0,금천구,18.93
405,2020-05-05,0,동작구,22.0
406,2020-05-05,0,영등포구,25.02
407,2020-05-05,0,은평구,21.54
408,2020-05-05,1,구로구,21.24
409,2020-05-05,1,금천구,16.62
410,2020-05-05,1,영등포구,26.17
411,2020-05-05,1,은평구,18.01
412,2020-05-05,2,영등포구,16.92
413,2020-05-05,9,동작구,43.72
414,2020-05-05,9,영등포구,24.96
415,2020-05-05,10,동작구,21.59
416,2020-05-05,10,영등포구,22.67
417,2020-05-05,11,구로구,23.34
418,2020-05-05,11,금천구,24.33
419,2020-05-05,11,동작구,36.15
420,2020-05-05,11,영등포구,27.8
421,2020-05-05,11,은평구,17.77
422,2020-05-05,12,구로구,27.9
423,2020-05-05,12,금천구,27.4
424,2020-05-05,12,도봉구,26.12
425,2020-05-05,12,동작구,23.05
426,2020-05-05,12,영등포구,32.69
427,2020-05-05,12,은평구,27.36
428,2020-05-05,13,구로구,28.18
429,2020-05-05,13,금천구,25.42
430,2020-05-05,13,도봉구,25.79
431,2020-05-05,13,동작구,36.92
432,2020-05-05,13,양천구,31.98
433,2020-05-05,13,영등포구,34.39
434,2020-05-05,13,은평구,27.07
435,2020-05-05,14,구로구,22.59
436,2020-05-05,14,금천구,23.19
437,2020-05-05,14,도봉구,24.56
438,2020-05-05,14,동작구,41.58
439,2020-05-05,14,양천구,26.38
440,2020-05-05,14,영등포구,18.11
441,2020-05-05,14,은평구,25.98
442,2020-05-05,15,구로구,25.2
443,2020-05-05,15,금천구,22.1
444,2020-05-05,15,도봉구,28.66
445,2020-05-05,15,동작구,27.28
446,2020-05-05,15,영등포구,29.53
447,2020-05-05,15,은평구,26.76
448,2020-05-05,16,구로구,24.36
449,2020-05-05,16,금천구,22.34
450,2020-05-05,16,도봉구,22.89
451,2020-05-05,16,동작구,21.39
452,2020-05-05,16,양천구,25.5
453,2020-05-05,16,영등포구,19.32
454,2020-05-05,16,은평구,25.18
455,2020-05-05,17,구로구,27.51
456,2020-05-05,17,금천구,22.93
457,2020-05-05,17,도봉구,22.22
458,2020-05-05,17,동작구,27.27
459,2020-05-05,17,영등포구,27.01
460,2020-05-05,17,은평구,25.62
461,2020-05-05,18,구로구,29.04
462,2020-05-05,18,금천구,22.69
463,2020-05-05,18,도봉구,27.08
464,2020-05-05,18,동작구,34.52
465,2020-05-05,18,양천구,28.12
466,2020-05-05,18,영등포구,30.93
467,2020-05-05,18,은평구,27.35
468,2020-05-05,19,구로구,28.61
469,2020-05-05,19,금천구,23.8
470,2020-05-05,19,도봉구,36.94
471,2020-05-05,19,동작구,37.86
472,2020-05-05,19,양천구,29.07
473,2020-05-05,19,영등포구,28.59
474,2020-05-05,19,은평구,29.39
475,2020-05-05,20,구로구,26.64
476,2020-05-05,20,금천구,22.54
477,2020-05-05,20,도봉구,25.69
478,2020-05-05,20,동작구,27.03
479,2020-05-05,20,양천구,34.73
480,2020-05-05,20,영등포구,22.14
481,2020-05-05,20,은평구,26.92
482,2020-05-05,21,구로구,27.17
483,2020-05-05,21,금천구,20.67
484,2020-05-05,21,도봉구,27.34
485,2020-05-05,21,동작구,30.62
486,2020-05-05,21,양천구,32.23
487,2020-05-05,21,영등포구,25.81
488,2020-05-05,21,은평구,23.13
489,2020-05-05,22,구로구,23.9
490,2020-05-05,22,금천구,20.41
491,2020-05-05,22,도봉구,24.24
492,2020-05-05,22,동작구,24.5
493,2020-05-05,22,양천구,28.98
494,2020-05-05,22,영등포구,22.87
495,2020-05-05,22,은평구,21.94
496,2020-05-05,23,구로구,22.03
497,2020-05-05,23,금천구,15.87
498,2020-05-05,23,동작구,26.33
499,2020-05-05,23,영등포구,21.6
500,2020-05-05,23,은평구,22.76
501,2020-05-06,0,구로구,19.21
502,2020-05-06,0,금천구,14.96
503,2020-05-06,0,동작구,15.85
504,2020-05-06,0,영등포구,15.67
505,2020-05-06,0,은평구,20.73
506,2020-05-06,1,구로구,27.35
507,2020-05-06,1,금천구,18.27
508,2020-05-06,1,영등포구,18.13
509,2020-05-06,2,영등포구,18.46
510,2020-05-06,3,영등포구,17.25
511,2020-05-06,4,영등포구,14.47
512,2020-05-06,5,영등포구,20.15
513,2020-05-06,8,영등포구,23.07
514,2020-05-06,9,영등포구,21.97
515,2020-05-06,10,영등포구,40.15
516,2020-05-06,11,구로구,28.03
517,2020-05-06,11,금천구,13.77
518,2020-05-06,11,동작구,32.25
519,2020-05-06,11,영등포구,29.29
520,2020-05-06,11,은평구,12.57
521,2020-05-06,12,구로구,27.12
522,2020-05-06,12,금천구,19.78
523,2020-05-06,12,도봉구,22.92
524,2020-05-06,12,동작구,21.17
525,2020-05-06,12,영등포구,24.25
526,2020-05-06,12,은평구,30.7
527,2020-05-06,13,구로구,23.46
528,2020-05-06,13,금천구,17.71
529,2020-05-06,13,도봉구,17.25
530,2020-05-06,13,동작구,34.87
531,2020-05-06,13,영등포구,17.5
532,2020-05-06,13,은평구,20.54
533,2020-05-06,14,구로구,25.08
534,2020-05-06,14,금천구,23.33
535,2020-05-06,14,도봉구,67.47
536,2020-05-06,14,동작구,14.35
537,2020-05-06,14,양천구,34.37
538,2020-05-06,14,영등포구,17.01
539,2020-05-06,14,은평구,24.6
540,2020-05-06,15,구로구,30.15
541,2020-05-06,15,금천구,22.89
542,2020-05-06,15,도봉구,17.0
543,2020-05-06,15,동작구,20.35
544,2020-05-06,15,양천구,20.97
545,2020-05-06,15,영등포구,24.56
546,2020-05-06,15,은평구,20.2
547,2020-05-06,16,구로구,23.6
548,2020-05-06,16,금천구,19.82
549,2020-05-06,16,도봉구,21.88
550,2020-05-06,16,동작구,19.07
551,2020-05-06,16,영등포구,25.77
552,2020-05-06,16,은평구,23.7
553,2020-05-06,17,구로구,25.48
554,2020-05-06,17,금천구,21.96
555,2020-05-06,17,동작구,37.78
556,2020-05-06,17,영등포구,25.79
557,2020-05-06,17,은평구,27.63
558,2020-05-06,18,구로구,25.37
559,2020-05-06,18,금천구,25.21
560,2020-05-06,18,도봉구,22.61
561,2020-05-06,18,동작구,26.96
562,2020-05-06,18,양천구,34.02
563,2020-05-06,18,영등포구,35.96
564,2020-05-06,18,은평구,21.96
565,2020-05-06,19,구로구,30.35
566,2020-05-06,19,금천구,24.61
567,2020-05-06,19,도봉구,21.29
568,2020-05-06,19,동작구,25.83
569,2020-05-06,19,양천구,27.18
570,2020-05-06,19,영등포구,31.55
571,2020-05-06,19,은평구,24.58
572,2020-05-06,20,구로구,27.97
573,2020-05-06,20,금천구,22.1
574,2020-05-06,20,도봉구,22.14
575,2020-05-06,20,동작구,23.06
576,2020-05-06,20,양천구,32.25
577,2020-05-06,20,영등포구,22.94
578,2020-05-06,20,은평구,25.94
579,2020-05-06,21,구로구,27.46
580,2020-05-06,21,금천구,21.98
581,2020-05-06,21,도봉구,19.93
582,2020-05-06,21,동작구,24.44
583,2020-05-06,21,양천구,28.16
584,2020-05-06,21,영등포구,23.16
585,2020-05-06,21,은평구,23.24
586,2020-05-06,22,구로구,22.68
587,2020-05-06,22,금천구,19.15
588,2020-05-06,22,도봉구,32.57
589,2020-05-06,22,동작구,17.65
590,2020-05-06,22,영등포구,21.39
591,2020-05-06,22,은평구,25.25
592,2020-05-06,23,구로구,18.72
593,2020-05-06,23,금천구,20.22
594,2020-05-06,23,도봉구,21.02
595,2020-05-06,23,영등포구,23.65
596,2020-05-06,23,은평구,19.0
597,2020-05-07,0,구로구,19.95
598,2020-05-07,0,금천구,19.28
599,2020-05-07,0,영등포구,26.53
600,2020-05-07,0,은평구,24.7
601,2020-05-07,1,구로구,15.77
602,2020-05-07,1,금천구,16.89
603,2020-05-07,1,영등포구,21.14
604,2020-05-07,1,은평구,22.76
605,2020-05-07,2,영등포구,19.34
606,2020-05-07,3,영등포구,18.07
607,2020-05-07,4,영등포구,16.92
608,2020-05-07,5,영등포구,28.29
609,2020-05-07,10,구로구,15.32
610,2020-05-07,11,금천구,16.09
611,2020-05-07,11,동작구,25.81
612,2020-05-07,11,영등포구,25.41
613,2020-05-07,12,구로구,23.22
614,2020-05-07,12,금천구,20.48
615,2020-05-07,12,동작구,34.75
616,2020-05-07,12,양천구,44.38
617,2020-05-07,12,영등포구,24.83
618,2020-05-07,12,은평구,28.07
619,2020-05-07,13,구로구,20.51
620,2020-05-07,13,금천구,17.92
621,2020-05-07,13,도봉구,15.23
622,2020-05-07,13,동작구,17.66
623,2020-05-07,13,영등포구,17.27
624,2020-05-07,13,은평구,21.07
625,2020-05-07,14,구로구,29.59
626,2020-05-07,14,금천구,20.23
627,2020-05-07,14,영등포구,28.05
628,2020-05-07,14,은평구,25.89
629,2020-05-07,15,구로구,23.85
630,2020-05-07,15,금천구,23.14
631,2020-05-07,15,동작구,21.91
632,2020-05-07,15,영등포구,17.75
633,2020-05-07,15,은평구,27.59
634,2020-05-07,16,구로구,27.0
635,2020-05-07,16,금천구,24.36
636,2020-05-07,16,동작구,16.38
637,2020-05-07,16,영등포구,22.06
638,2020-05-07,16,은평구,22.96
639,2020-05-07,17,구로구,26.63
640,2020-05-07,17,금천구,26.19
641,2020-05-07,17,도봉구,18.95
642,2020-05-07,17,동작구,29.46
643,2020-05-07,17,양천구,26.53
644,2020-05-07,17,영등포구,23.81
645,2020-05-07,17,은평구,21.79
646,2020-05-07,18,구로구,31.49
647,2020-05-07,18,금천구,24.45
648,2020-05-07,18,도봉구,27.9
649,2020-05-07,18,동작구,34.15
650,2020-05-07,18,양천구,32.07
651,2020-05-07,18,영등포구,26.52
652,2020-05-07,18,은평구,25.02
653,2020-05-07,19,구로구,31.11
654,2020-05-07,19,금천구,26.28
655,2020-05-07,19,도봉구,21.95
656,2020-05-07,19,동작구,34.99
657,2020-05-07,19,양천구,30.9
658,2020-05-07,19,영등포구,23.98
659,2020-05-07,19,은평구,26.49
660,2020-05-07,20,구로구,28.18
661,2020-05-07,20,금천구,22.32
662,2020-05-07,20,도봉구,22.4
663,2020-05-07,20,동작구,32.52
664,2020-05-07,20,양천구,30.98
665,2020-05-07,20,영등포구,26.8
666,2020-05-07,20,은평구,22.04
667,2020-05-07,21,구로구,25.54
668,2020-05-07,21,금천구,20.62
669,2020-05-07,21,도봉구,26.33
670,2020-05-07,21,동작구,28.04
671,2020-05-07,21,양천구,13.96
672,2020-05-07,21,영등포구,18.72
673,2020-05-07,21,은평구,18.33
674,2020-05-07,22,구로구,25.22
675,2020-05-07,22,금천구,17.48
676,2020-05-07,22,도봉구,18.14
677,2020-05-07,22,동작구,13.61
678,2020-05-07,22,양천구,23.59
679,2020-05-07,22,영등포구,18.41
680,2020-05-07,22,은평구,22.33
681,2020-05-07,23,구로구,23.61
682,2020-05-07,23,금천구,20.7
683,2020-05-07,23,동작구,32.02
684,2020-05-07,23,영등포구,18.69
685,2020-05-07,23,은평구,21.09
686,2020-05-08,0,구로구,22.63
687,2020-05-08,0,금천구,16.51
688,2020-05-08,0,동작구,13.57
689,2020-05-08,0,영등포구,20.0
690,2020-05-08,0,은평구,16.96
691,2020-05-08,1,금천구,25.02
692,2020-05-08,1,영등포구,16.68
693,2020-05-08,1,은평구,15.43
694,2020-05-08,2,영등포구,19.39
695,2020-05-08,3,영등포구,20.37
696,2020-05-08,4,영등포구,18.0
697,2020-05-08,5,영등포구,21.86
698,2020-05-08,7,영등포구,20.85
699,2020-05-08,8,영등포구,27.22
700,2020-05-08,9,동작구,50.74
701,2020-05-08,10,동작구,51.8
702,2020-05-08,10,영등포구,17.92
703,2020-05-08,11,구로구,23.76
704,2020-05-08,11,금천구,18.29
705,2020-05-08,11,동작구,59.28
706,2020-05-08,11,영등포구,33.94
707,2020-05-08,12,구로구,21.94
708,2020-05-08,12,금천구,21.33
709,2020-05-08,12,동작구,41.22
710,2020-05-08,12,영등포구,24.04
711,2020-05-08,12,은평구,19.39
712,2020-05-08,13,구로구,22.94
713,2020-05-08,13,금천구,16.89
714,2020-05-08,13,동작구,24.45
715,2020-05-08,13,양천구,25.47
716,2020-05-08,13,영등포구,28.45
717,2020-05-08,13,은평구,20.75
718,2020-05-08,14,구로구,22.37
719,2020-05-08,14,금천구,20.57
720,2020-05-08,14,도봉구,21.68
721,2020-05-08,14,동작구,23.47
722,2020-05-08,14,영등포구,24.74
723,2020-05-08,14,은평구,20.7
724,2020-05-08,15,구로구,23.27
725,2020-05-08,15,금천구,26.28
726,2020-05-08,15,동작구,15.63
727,2020-05-08,15,영등포구,22.15
728,2020-05-08,15,은평구,29.05
729,2020-05-08,16,구로구,24.83
730,2020-05-08,16,금천구,22.17
731,2020-05-08,16,도봉구,21.53
732,2020-05-08,16,동작구,22.93
733,2020-05-08,16,영등포구,21.53
734,2020-05-08,16,은평구,20.18
735,2020-05-08,17,구로구,28.67
736,2020-05-08,17,금천구,23.75
737,2020-05-08,17,도봉구,23.65
738,2020-05-08,17,동작구,22.77
739,2020-05-08,17,양천구,25.32
740,2020-05-08,17,영등포구,29.34
741,2020-05-08,17,은평구,27.79
742,2020-05-08,18,구로구,35.47
743,2020-05-08,18,금천구,28.57
744,2020-05-08,18,도봉구,32.45
745,2020-05-08,18,동작구,41.76
746,2020-05-08,18,양천구,37.68
747,2020-05-08,18,영등포구,41.96
748,2020-05-08,18,은평구,25.45
749,2020-05-08,19,구로구,51.64
750,2020-05-08,19,금천구,45.66
751,2020-05-08,19,도봉구,46.67
752,2020-05-08,19,동작구,41.85
753,2020-05-08,19,양천구,42.63
754,2020-05-08,19,영등포구,53.32
755,2020-05-08,19,은평구,33.08
756,2020-05-08,20,강서구,50.53
757,2020-05-08,20,구로구,52.5
758,2020-05-08,20,금천구,66.34
759,2020-05-08,20,도봉구,55.87
760,2020-05-08,20,동작구,48.11
761,2020-05-08,20,양천구,43.34
762,2020-05-08,20,영등포구,53.15
763,2020-05-08,20,은평구,37.35
764,2020-05-08,21,구로구,44.25
765,2020-05-08,21,금천구,59.88
766,2020-05-08,21,도봉구,36.5
767,2020-05-08,21,동작구,38.24
768,2020-05-08,21,양천구,39.02
769,2020-05-08,21,영등포구,36.9
770,2020-05-08,21,은평구,30.19
771,2020-05-08,22,구로구,35.56
772,2020-05-08,22,금천구,32.87
773,2020-05-08,22,도봉구,26.89
774,2020-05-08,22,동작구,34.89
775,2020-05-08,22,양천구,38.0
776,2020-05-08,22,영등포구,31.63
777,2020-05-08,22,은평구,27.43
778,2020-05-08,23,구로구,25.57
779,2020-05-08,23,금천구,26.79
780,2020-05-08,23,도봉구,25.31
781,2020-05-08,23,동작구,29.32
782,2020-05-08,23,영등포구,37.69
783,2020-05-08,23,은평구,27.52
784,2020-05-09,0,구로구,30.4
785,2020-05-09,0,금천구,21.24
786,2020-05-09,0,영등포구,33.45
787,2020-05-09,0,은평구,25.68
788,2020-05-09,1,구로구,25.57
789,2020-05-09,1,금천구,36.43
790,2020-05-09,1,동작구,20.68
791,2020-05-09,1,영등포구,26.73
792,2020-05-09,1,은평구,19.42
793,2020-05-09,2,금천구,63.78
794,2020-05-09,10,구로구,32.98
795,2020-05-09,10,동작구,29.62
796,2020-05-09,11,구로구,33.23
797,2020-05-09,11,금천구,27.91
798,2020-05-09,11,도봉구,27.77
799,2020-05-09,11,동작구,17.35
800,2020-05-09,11,영등포구,39.08
801,2020-05-09,11,은평구,13.82
802,2020-05-09,12,구로구,34.29
803,2020-05-09,12,금천구,21.66
804,2020-05-09,12,도봉구,21.39
805,2020-05-09,12,동작구,26.74
806,2020-05-09,12,영등포구,35.06
807,2020-05-09,12,은평구,33.32
808,2020-05-09,13,구로구,32.71
809,2020-05-09,13,금천구,28.23
810,2020-05-09,13,도봉구,20.2
811,2020-05-09,13,동작구,23.22
812,2020-05-09,13,양천구,22.32
813,2020-05-09,13,영등포구,27.68
814,2020-05-09,13,은평구,24.43
815,2020-05-09,14,구로구,23.81
816,2020-05-09,14,금천구,22.41
817,2020-05-09,14,도봉구,18.98
818,2020-05-09,14,동작구,35.85
819,2020-05-09,14,양천구,30.69
820,2020-05-09,14,영등포구,22.9
821,2020-05-09,14,은평구,31.66
822,2020-05-09,15,구로구,28.15
823,2020-05-09,15,금천구,23.65
824,2020-05-09,15,도봉구,24.52
825,2020-05-09,15,동작구,20.07
826,2020-05-09,15,영등포구,28.97
827,2020-05-09,15,은평구,27.02
828,2020-05-09,16,구로구,32.98
829,2020-05-09,16,금천구,22.39
830,2020-05-09,16,도봉구,21.76
831,2020-05-09,16,동작구,26.95
832,2020-05-09,16,양천구,28.54
833,2020-05-09,16,영등포구,28.91
834,2020-05-09,16,은평구,26.43
835,2020-05-09,17,구로구,41.18
836,2020-05-09,17,금천구,26.52
837,2020-05-09,17,도봉구,26.08
838,2020-05-09,17,동작구,22.41
839,2020-05-09,17,양천구,28.28
840,2020-05-09,17,영등포구,29.57
841,2020-05-09,17,은평구,29.74
842,2020-05-09,18,구로구,42.85
843,2020-05-09,18,금천구,30.04
844,2020-05-09,18,도봉구,28.2
845,2020-05-09,18,동작구,30.35
846,2020-05-09,18,양천구,35.76
847,2020-05-09,18,영등포구,28.92
848,2020-05-09,18,은평구,26.59
849,2020-05-09,19,구로구,42.84
850,2020-05-09,19,금천구,30.75
851,2020-05-09,19,도봉구,25.39
852,2020-05-09,19,동작구,30.89
853,2020-05-09,19,양천구,36.15
854,2020-05-09,19,영등포구,33.99
855,2020-05-09,19,은평구,25.13
856,2020-05-09,20,구로구,36.39
857,2020-05-09,20,금천구,26.99
858,2020-05-09,20,도봉구,21.43
859,2020-05-09,20,동작구,22.74
860,2020-05-09,20,영등포구,29.04
861,2020-05-09,20,은평구,22.9
862,2020-05-09,21,구로구,28.43
863,2020-05-09,21,금천구,26.7
864,2020-05-09,21,도봉구,24.25
865,2020-05-09,21,동작구,27.87
866,2020-05-09,21,양천구,33.47
867,2020-05-09,21,영등포구,29.87
868,2020-05-09,21,은평구,24.57
869,2020-05-09,22,구로구,28.52
870,2020-05-09,22,금천구,28.05
871,2020-05-09,22,도봉구,18.53
872,2020-05-09,22,동작구,31.79
873,2020-05-09,22,양천구,27.42
874,2020-05-09,22,영등포구,29.54
875,2020-05-09,22,은평구,22.73
876,2020-05-09,23,구로구,28.54
877,2020-05-09,23,금천구,26.23
878,2020-05-09,23,도봉구,19.32
879,2020-05-09,23,동작구,19.93
880,2020-05-09,23,영등포구,29.31
881,2020-05-09,23,은평구,25.23
882,2020-05-10,0,구로구,22.54
883,2020-05-10,0,금천구,17.77
884,2020-05-10,0,동작구,21.67
885,2020-05-10,0,영등포구,24.51
886,2020-05-10,0,은평구,25.65
887,2020-05-10,1,구로구,22.05
888,2020-05-10,1,금천구,25.92
889,2020-05-10,1,동작구,19.7
890,2020-05-10,1,영등포구,26.22
891,2020-05-10,1,은평구,23.23
892,2020-05-10,2,영등포구,14.0
893,2020-05-10,3,영등포구,17.75
894,2020-05-10,4,영등포구,16.93
895,2020-05-10,6,영등포구,17.27
896,2020-05-10,7,영등포구,23.88
897,2020-05-10,9,동작구,39.49
898,2020-05-10,9,영등포구,24.82
899,2020-05-10,10,구로구,60.17
900,2020-05-10,10,영등포구,24.91
901,2020-05-10,11,구로구,37.04
902,2020-05-10,11,금천구,16.79
903,2020-05-10,11,동작구,23.12
904,2020-05-10,11,영등포구,35.37
905,2020-05-10,11,은평구,17.8
906,2020-05-10,12,구로구,29.58
907,2020-05-10,12,금천구,21.87
908,2020-05-10,12,도봉구,22.53
909,2020-05-10,12,동작구,26.21
910,2020-05-10,12,영등포구,39.67
911,2020-05-10,13,구로구,27.88
912,2020-05-10,13,금천구,26.94
913,2020-05-10,13,도봉구,17.57
914,2020-05-10,13,동작구,26.57
915,2020-05-10,13,양천구,30.12
916,2020-05-10,13,영등포구,27.21
917,2020-05-10,14,구로구,28.5
918,2020-05-10,14,금천구,18.93
919,2020-05-10,14,도봉구,16.4
920,2020-05-10,14,동작구,27.39
921,2020-05-10,14,영등포구,33.77
922,2020-05-10,14,은평구,26.07
923,2020-05-10,15,구로구,25.05
924,2020-05-10,15,금천구,26.64
925,2020-05-10,15,도봉구,18.42
926,2020-05-10,15,동작구,26.66
927,2020-05-10,15,양천구,29.15
928,2020-05-10,15,영등포구,28.79
929,2020-05-10,15,은평구,28.75
930,2020-05-10,16,구로구,25.92
931,2020-05-10,16,금천구,23.57
932,2020-05-10,16,도봉구,24.68
933,2020-05-10,16,동작구,25.93
934,2020-05-10,16,영등포구,31.09
935,2020-05-10,16,은평구,26.06
936,2020-05-10,17,구로구,30.12
937,2020-05-10,17,금천구,26.14
938,2020-05-10,17,도봉구,25.8
939,2020-05-10,17,동작구,33.19
940,2020-05-10,17,양천구,25.17
941,2020-05-10,17,영등포구,25.94
942,2020-05-10,17,은평구,28.05
943,2020-05-10,18,구로구,32.31
944,2020-05-10,18,금천구,24.16
945,2020-05-10,18,도봉구,28.56
946,2020-05-10,18,동작구,25.3
947,2020-05-10,18,양천구,29.83
948,2020-05-10,18,영등포구,29.51
949,2020-05-10,18,은평구,26.56
950,2020-05-10,19,구로구,31.38
951,2020-05-10,19,금천구,21.44
952,2020-05-10,19,도봉구,30.72
953,2020-05-10,19,동작구,31.94
954,2020-05-10,19,양천구,33.04
955,2020-05-10,19,영등포구,26.93
956,2020-05-10,19,은평구,25.36
957,2020-05-10,20,구로구,28.82
958,2020-05-10,20,금천구,22.24
959,2020-05-10,20,도봉구,23.95
960,2020-05-10,20,동작구,27.75
961,2020-05-10,20,영등포구,22.78
962,2020-05-10,20,은평구,21.82
963,2020-05-10,21,구로구,26.36
964,2020-05-10,21,금천구,23.52
965,2020-05-10,21,도봉구,23.35
966,2020-05-10,21,동작구,24.0
967,2020-05-10,21,양천구,27.11
968,2020-05-10,21,영등포구,21.47
969,2020-05-10,21,은평구,26.33
970,2020-05-10,22,구로구,28.18
971,2020-05-10,22,금천구,24.0
972,2020-05-10,22,도봉구,22.99
973,2020-05-10,22,동작구,28.23
974,2020-05-10,22,양천구,31.67
975,2020-05-10,22,영등포구,21.82
976,2020-05-10,22,은평구,20.11
977,2020-05-10,23,구로구,23.21
978,2020-05-10,23,금천구,23.47
979,2020-05-10,23,동작구,20.42
980,2020-05-10,23,영등포구,23.22
981,2020-05-10,23,은평구,25.14
982,2020-05-11,0,구로구,22.46
983,2020-05-11,0,금천구,20.95
984,2020-05-11,0,동작구,22.1
985,2020-05-11,0,영등포구,15.07
986,2020-05-11,0,은평구,21.3
987,2020-05-11,1,구로구,21.95
988,2020-05-11,1,금천구,22.5
989,2020-05-11,1,영등포구,18.39
990,2020-05-11,1,은평구,21.48
991,2020-05-11,2,영등포구,22.13
992,2020-05-11,3,영등포구,15.38
993,2020-05-11,4,영등포구,14.36
994,2020-05-11,5,영등포구,27.3
995,2020-05-11,6,영등포구,18.74
996,2020-05-11,8,영등포구,34.03
997,2020-05-11,9,동작구,39.42
998,2020-05-11,10,동작구,25.43
999,2020-05-11,10,영등포구,26.4
1000,2020-05-11,11,구로구,29.51
1001,2020-05-11,11,동작구,23.48
1002,2020-05-11,11,영등포구,21.39
1003,2020-05-11,11,은평구,20.97
1004,2020-05-11,12,구로구,30.11
1005,2020-05-11,12,금천구,22.43
1006,2020-05-11,12,도봉구,23.6
1007,2020-05-11,12,동작구,26.4
1008,2020-05-11,12,영등포구,27.9
1009,2020-05-11,13,구로구,23.45
1010,2020-05-11,13,금천구,24.28
1011,2020-05-11,13,도봉구,22.14
1012,2020-05-11,13,동작구,22.3
1013,2020-05-11,13,양천구,23.25
1014,2020-05-11,13,영등포구,23.69
1015,2020-05-11,13,은평구,16.93
1016,2020-05-11,14,구로구,24.93
1017,2020-05-11,14,금천구,20.75
1018,2020-05-11,14,도봉구,21.3
1019,2020-05-11,14,동작구,15.72
1020,2020-05-11,14,양천구,23.42
1021,2020-05-11,14,영등포구,26.54
1022,2020-05-11,14,은평구,26.16
1023,2020-05-11,15,구로구,28.96
1024,2020-05-11,15,금천구,19.95
1025,2020-05-11,15,도봉구,23.82
1026,2020-05-11,15,동작구,23.45
1027,2020-05-11,15,영등포구,19.11
1028,2020-05-11,15,은평구,20.09
1029,2020-05-11,16,구로구,33.85
1030,2020-05-11,16,금천구,24.49
1031,2020-05-11,16,동작구,26.95
1032,2020-05-11,16,영등포구,24.05
1033,2020-05-11,16,은평구,25.32
1034,2020-05-11,17,구로구,24.9
1035,2020-05-11,17,금천구,21.47
1036,2020-05-11,17,동작구,31.6
1037,2020-05-11,17,양천구,31.04
1038,2020-05-11,17,영등포구,23.71
1039,2020-05-11,17,은평구,25.1
1040,2020-05-11,18,구로구,27.23
1041,2020-05-11,18,금천구,29.17
1042,2020-05-11,18,도봉구,23.31
1043,2020-05-11,18,동작구,28.17
1044,2020-05-11,18,양천구,30.76
1045,2020-05-11,18,영등포구,25.62
1046,2020-05-11,18,은평구,24.25
1047,2020-05-11,19,구로구,29.01
1048,2020-05-11,19,금천구,24.64
1049,2020-05-11,19,도봉구,31.42
1050,2020-05-11,19,동작구,27.09
1051,2020-05-11,19,영등포구,29.03
1052,2020-05-11,19,은평구,21.97
1053,2020-05-11,20,구로구,27.96
1054,2020-05-11,20,금천구,22.05
1055,2020-05-11,20,도봉구,16.7
1056,2020-05-11,20,동작구,30.57
1057,2020-05-11,20,양천구,37.39
1058,2020-05-11,20,영등포구,24.09
1059,2020-05-11,20,은평구,25.74
1060,2020-05-11,21,구로구,27.45
1061,2020-05-11,21,금천구,24.3
1062,2020-05-11,21,도봉구,17.72
1063,2020-05-11,21,동작구,26.75
1064,2020-05-11,21,양천구,21.28
1065,2020-05-11,21,영등포구,23.8
1066,2020-05-11,21,은평구,22.37
1067,2020-05-11,22,구로구,25.14
1068,2020-05-11,22,금천구,22.53
1069,2020-05-11,22,도봉구,15.35
1070,2020-05-11,22,동작구,24.46
1071,2020-05-11,22,영등포구,23.35
1072,2020-05-11,22,은평구,22.08
1073,2020-05-11,23,구로구,28.66
1074,2020-05-11,23,금천구,22.73
1075,2020-05-11,23,동작구,35.7
1076,2020-05-11,23,영등포구,29.66
1077,2020-05-11,23,은평구,22.03
1078,2020-05-12,0,구로구,27.12
1079,2020-05-12,0,금천구,16.49
1080,2020-05-12,0,동작구,16.48
1081,2020-05-12,0,영등포구,32.45
1082,2020-05-12,0,은평구,22.8
1083,2020-05-12,1,구로구,24.68
1084,2020-05-12,1,금천구,20.74
1085,2020-05-12,1,영등포구,21.91
1086,2020-05-12,1,은평구,21.18
1087,2020-05-12,2,영등포구,22.32
1088,2020-05-12,10,동작구,29.33
1089,2020-05-12,11,구로구,28.51
1090,2020-05-12,11,금천구,18.14
1091,2020-05-12,11,동작구,26.18
1092,2020-05-12,11,영등포구,23.65
1093,2020-05-12,11,은평구,15.05
1094,2020-05-12,12,구로구,30.2
1095,2020-05-12,12,금천구,20.66
1096,2020-05-12,12,도봉구,16.95
1097,2020-05-12,12,동작구,22.93
1098,2020-05-12,12,영등포구,25.59
1099,2020-05-12,12,은평구,21.17
1100,2020-05-12,13,구로구,22.83
1101,2020-05-12,13,금천구,20.87
1102,2020-05-12,13,도봉구,21.1
1103,2020-05-12,13,동작구,16.3
1104,2020-05-12,13,양천구,31.48
1105,2020-05-12,13,영등포구,16.29
1106,2020-05-12,13,은평구,26.61
1107,2020-05-12,14,구로구,22.9
1108,2020-05-12,14,금천구,19.23
1109,2020-05-12,14,도봉구,21.52
1110,2020-05-12,14,동작구,22.37
1111,2020-05-12,14,양천구,33.34
1112,2020-05-12,14,영등포구,21.73
1113,2020-05-12,14,은평구,17.75
1114,2020-05-12,15,구로구,33.41
1115,2020-05-12,15,금천구,17.37
1116,2020-05-12,15,도봉구,15.9
1117,2020-05-12,15,동작구,17.5
1118,2020-05-12,15,영등포구,22.96
1119,2020-05-12,15,은평구,21.54
1120,2020-05-12,16,구로구,22.7
1121,2020-05-12,16,금천구,20.59
1122,2020-05-12,16,동작구,24.47
1123,2020-05-12,16,양천구,25.03
1124,2020-05-12,16,영등포구,18.85
1125,2020-05-12,16,은평구,22.63
1126,2020-05-12,17,구로구,26.63
1127,2020-05-12,17,금천구,22.19
1128,2020-05-12,17,동작구,21.52
1129,2020-05-12,17,양천구,33.47
1130,2020-05-12,17,영등포구,28.9
1131,2020-05-12,17,은평구,24.52
1132,2020-05-12,18,구로구,29.75
1133,2020-05-12,18,금천구,24.97
1134,2020-05-12,18,도봉구,26.4
1135,2020-05-12,18,동작구,23.96
1136,2020-05-12,18,양천구,35.63
1137,2020-05-12,18,영등포구,28.2
1138,2020-05-12,18,은평구,22.72
1139,2020-05-12,19,구로구,32.09
1140,2020-05-12,19,금천구,26.43
1141,2020-05-12,19,도봉구,24.1
1142,2020-05-12,19,동작구,27.89
1143,2020-05-12,19,양천구,24.52
1144,2020-05-12,19,영등포구,28.42
1145,2020-05-12,19,은평구,23.44
1146,2020-05-12,20,구로구,27.77
1147,2020-05-12,20,금천구,20.08
1148,2020-05-12,20,도봉구,19.77
1149,2020-05-12,20,동작구,26.85
1150,2020-05-12,20,양천구,23.6
1151,2020-05-12,20,영등포구,21.78
1152,2020-05-12,20,은평구,23.02
1153,2020-05-12,21,구로구,25.79
1154,2020-05-12,21,금천구,21.16
1155,2020-05-12,21,도봉구,21.46
1156,2020-05-12,21,동작구,21.09
1157,2020-05-12,21,양천구,34.75
1158,2020-05-12,21,영등포구,22.6
1159,2020-05-12,21,은평구,20.0
1160,2020-05-12,22,구로구,24.96
1161,2020-05-12,22,금천구,20.74
1162,2020-05-12,22,도봉구,26.93
1163,2020-05-12,22,동작구,34.89
1164,2020-05-12,22,양천구,20.68
1165,2020-05-12,22,영등포구,21.86
1166,2020-05-12,22,은평구,19.45
1167,2020-05-12,23,구로구,24.63
1168,2020-05-12,23,금천구,21.18
1169,2020-05-12,23,도봉구,20.17
1170,2020-05-12,23,동작구,22.03
1171,2020-05-12,23,영등포구,23.66
1172,2020-05-12,23,은평구,16.53
1173,2020-05-13,0,구로구,17.64
1174,2020-05-13,0,금천구,16.36
1175,2020-05-13,0,동작구,26.38
1176,2020-05-13,0,영등포구,22.05
1177,2020-05-13,0,은평구,18.86
1178,2020-05-13,1,금천구,23.77
1179,2020-05-13,1,영등포구,18.23
1180,2020-05-13,1,은평구,18.69
1181,2020-05-13,2,영등포구,17.79
1182,2020-05-13,3,영등포구,15.75
1183,2020-05-13,4,영등포구,14.68
1184,2020-05-13,5,영등포구,17.07
1185,2020-05-13,8,영등포구,10.37
1186,2020-05-13,10,동작구,20.47
1187,2020-05-13,11,구로구,15.28
1188,2020-05-13,11,금천구,12.25
1189,2020-05-13,11,동작구,12.98
1190,2020-05-13,11,영등포구,30.43
1191,2020-05-13,11,은평구,23.19
1192,2020-05-13,12,구로구,26.84
1193,2020-05-13,12,금천구,30.13
1194,2020-05-13,12,동작구,18.6
1195,2020-05-13,12,영등포구,28.78
1196,2020-05-13,12,은평구,20.29
1197,2020-05-13,13,구로구,23.61
1198,2020-05-13,13,금천구,22.1
1199,2020-05-13,13,도봉구,22.5
1200,2020-05-13,13,동작구,31.04
1201,2020-05-13,13,영등포구,23.27
1202,2020-05-13,13,은평구,22.53
1203,2020-05-13,14,구로구,21.23
1204,2020-05-13,14,금천구,33.22
1205,2020-05-13,14,도봉구,20.55
1206,2020-05-13,14,동작구,18.05
1207,2020-05-13,14,영등포구,17.17
1208,2020-05-13,14,은평구,14.95
1209,2020-05-13,15,구로구,24.92
1210,2020-05-13,15,금천구,20.37
1211,2020-05-13,15,도봉구,19.73
1212,2020-05-13,15,동작구,17.39
1213,2020-05-13,15,양천구,23.73
1214,2020-05-13,15,영등포구,26.28
1215,2020-05-13,15,은평구,22.33
1216,2020-05-13,16,구로구,25.47
1217,2020-05-13,16,금천구,23.1
1218,2020-05-13,16,도봉구,20.71
1219,2020-05-13,16,영등포구,18.36
1220,2020-05-13,16,은평구,18.77
1221,2020-05-13,17,구로구,26.08
1222,2020-05-13,17,금천구,23.01
1223,2020-05-13,17,도봉구,21.33
1224,2020-05-13,17,동작구,24.83
1225,2020-05-13,17,영등포구,21.39
1226,2020-05-13,17,은평구,25.8
1227,2020-05-13,18,구로구,29.46
1228,2020-05-13,18,금천구,25.46
1229,2020-05-13,18,도봉구,18.82
1230,2020-05-13,18,동작구,19.84
1231,2020-05-13,18,양천구,25.13
1232,2020-05-13,18,영등포구,24.34
1233,2020-05-13,18,은평구,25.61
1234,2020-05-13,19,구로구,33.67
1235,2020-05-13,19,금천구,23.88
1236,2020-05-13,19,도봉구,31.15
1237,2020-05-13,19,동작구,21.06
1238,2020-05-13,19,양천구,24.35
1239,2020-05-13,19,영등포구,32.48
1240,2020-05-13,19,은평구,30.33
1241,2020-05-13,20,구로구,29.81
1242,2020-05-13,20,금천구,21.91
1243,2020-05-13,20,도봉구,20.58
1244,2020-05-13,20,동작구,30.46
1245,2020-05-13,20,영등포구,29.34
1246,2020-05-13,20,은평구,23.5
1247,2020-05-13,21,구로구,26.21
1248,2020-05-13,21,금천구,21.12
1249,2020-05-13,21,도봉구,23.95
1250,2020-05-13,21,동작구,34.67
1251,2020-05-13,21,양천구,41.7
1252,2020-05-13,21,영등포구,23.07
1253,2020-05-13,21,은평구,22.94
1254,2020-05-13,22,구로구,22.33
1255,2020-05-13,22,금천구,18.18
1256,2020-05-13,22,도봉구,23.07
1257,2020-05-13,22,동작구,25.88
1258,2020-05-13,22,양천구,25.18
1259,2020-05-13,22,영등포구,26.05
1260,2020-05-13,22,은평구,23.3
1261,2020-05-13,23,구로구,21.06
1262,2020-05-13,23,금천구,21.13
1263,2020-05-13,23,동작구,36.87
1264,2020-05-13,23,영등포구,23.3
1265,2020-05-13,23,은평구,15.84
1266,2020-05-14,0,구로구,17.01
1267,2020-05-14,0,금천구,17.05
1268,2020-05-14,0,영등포구,22.03
1269,2020-05-14,0,은평구,21.49
1270,2020-05-14,1,구로구,21.33
1271,2020-05-14,1,금천구,14.97
1272,2020-05-14,1,영등포구,20.71
1273,2020-05-14,2,영등포구,21.11
1274,2020-05-14,3,영등포구,29.18
1275,2020-05-14,10,동작구,25.97
1276,2020-05-14,10,영등포구,37.63
1277,2020-05-14,11,구로구,37.63
1278,2020-05-14,11,금천구,24.61
1279,2020-05-14,11,동작구,23.94
1280,2020-05-14,11,영등포구,36.07
1281,2020-05-14,12,구로구,34.73
1282,2020-05-14,12,금천구,22.58
1283,2020-05-14,12,도봉구,18.16
1284,2020-05-14,12,동작구,19.64
1285,2020-05-14,12,영등포구,30.01
1286,2020-05-14,12,은평구,22.03
1287,2020-05-14,13,구로구,26.09
1288,2020-05-14,13,금천구,20.38
1289,2020-05-14,13,도봉구,21.18
1290,2020-05-14,13,동작구,15.03
1291,2020-05-14,13,양천구,35.85
1292,2020-05-14,13,영등포구,20.66
1293,2020-05-14,13,은평구,30.03
1294,2020-05-14,14,구로구,24.6
1295,2020-05-14,14,금천구,21.82
1296,2020-05-14,14,양천구,27.92
1297,2020-05-14,14,영등포구,19.57
1298,2020-05-14,14,은평구,16.83
1299,2020-05-14,15,구로구,23.57
1300,2020-05-14,15,금천구,18.1
1301,2020-05-14,15,도봉구,21.07
1302,2020-05-14,15,양천구,34.32
1303,2020-05-14,15,영등포구,19.01
1304,2020-05-14,15,은평구,9.6
1305,2020-05-14,16,구로구,23.33
1306,2020-05-14,16,금천구,18.94
1307,2020-05-14,16,도봉구,16.93
1308,2020-05-14,16,동작구,25.5
1309,2020-05-14,16,영등포구,23.96
1310,2020-05-14,16,은평구,25.65
1311,2020-05-14,17,구로구,26.61
1312,2020-05-14,17,금천구,22.91
1313,2020-05-14,17,도봉구,19.38
1314,2020-05-14,17,동작구,25.07
1315,2020-05-14,17,영등포구,21.47
1316,2020-05-14,17,은평구,21.87
1317,2020-05-14,18,구로구,30.11
1318,2020-05-14,18,금천구,25.11
1319,2020-05-14,18,도봉구,16.36
1320,2020-05-14,18,동작구,37.22
1321,2020-05-14,18,양천구,28.25
1322,2020-05-14,18,영등포구,31.5
1323,2020-05-14,18,은평구,26.6
1324,2020-05-14,19,구로구,32.87
1325,2020-05-14,19,금천구,25.55
1326,2020-05-14,19,도봉구,29.6
1327,2020-05-14,19,동작구,46.23
1328,2020-05-14,19,양천구,32.73
1329,2020-05-14,19,영등포구,32.37
1330,2020-05-14,19,은평구,25.21
1331,2020-05-14,20,구로구,28.74
1332,2020-05-14,20,금천구,22.09
1333,2020-05-14,20,도봉구,28.06
1334,2020-05-14,20,동작구,32.55
1335,2020-05-14,20,양천구,32.3
1336,2020-05-14,20,영등포구,27.73
1337,2020-05-14,20,은평구,21.73
1338,2020-05-14,21,구로구,27.49
1339,2020-05-14,21,금천구,21.78
1340,2020-05-14,21,도봉구,22.69
1341,2020-05-14,21,동작구,24.23
1342,2020-05-14,21,영등포구,24.15
1343,2020-05-14,21,은평구,23.36
1344,2020-05-14,22,구로구,27.03
1345,2020-05-14,22,금천구,17.82
1346,2020-05-14,22,도봉구,14.55
1347,2020-05-14,22,동작구,29.63
1348,2020-05-14,22,양천구,28.97
1349,2020-05-14,22,영등포구,21.9
1350,2020-05-14,22,은평구,25.53
1351,2020-05-14,23,구로구,24.61
1352,2020-05-14,23,금천구,19.64
1353,2020-05-14,23,도봉구,25.04
1354,2020-05-14,23,동작구,40.95
1355,2020-05-14,23,영등포구,23.62
1356,2020-05-14,23,은평구,13.78
1357,2020-05-15,0,구로구,18.42
1358,2020-05-15,0,금천구,13.65
1359,2020-05-15,0,동작구,23.93
1360,2020-05-15,0,영등포구,20.53
1361,2020-05-15,0,은평구,22.13
1362,2020-05-15,1,구로구,20.99
1363,2020-05-15,1,금천구,19.28
1364,2020-05-15,1,영등포구,15.28
1365,2020-05-15,1,은평구,24.05
1366,2020-05-15,2,영등포구,14.76
1367,2020-05-15,3,영등포구,19.96
1368,2020-05-15,4,영등포구,22.39
1369,2020-05-15,5,영등포구,16.55
1370,2020-05-15,6,영등포구,19.63
1371,2020-05-15,7,영등포구,22.63
1372,2020-05-15,8,영등포구,17.84
1373,2020-05-15,9,영등포구,35.8
1374,2020-05-15,10,구로구,29.89
1375,2020-05-15,10,동작구,29.18
1376,2020-05-15,10,영등포구,24.09
1377,2020-05-15,11,구로구,26.64
1378,2020-05-15,11,금천구,21.46
1379,2020-05-15,11,동작구,49.49
1380,2020-05-15,11,영등포구,25.16
1381,2020-05-15,11,은평구,25.84
1382,2020-05-15,12,구로구,30.56
1383,2020-05-15,12,금천구,21.82
1384,2020-05-15,12,동작구,16.99
1385,2020-05-15,12,영등포구,32.42
1386,2020-05-15,12,은평구,32.35
1387,2020-05-15,13,구로구,28.03
1388,2020-05-15,13,금천구,23.67
1389,2020-05-15,13,도봉구,19.21
1390,2020-05-15,13,동작구,23.81
1391,2020-05-15,13,영등포구,25.56
1392,2020-05-15,13,은평구,26.48
1393,2020-05-15,14,구로구,24.71
1394,2020-05-15,14,금천구,22.34
1395,2020-05-15,14,도봉구,17.86
1396,2020-05-15,14,동작구,25.5
1397,2020-05-15,14,양천구,35.92
1398,2020-05-15,14,영등포구,26.37
1399,2020-05-15,14,은평구,37.72
1400,2020-05-15,15,구로구,27.5
1401,2020-05-15,15,금천구,30.71
1402,2020-05-15,15,도봉구,25.63
1403,2020-05-15,15,동작구,15.8
1404,2020-05-15,15,양천구,20.3
1405,2020-05-15,15,영등포구,24.32
1406,2020-05-15,15,은평구,21.8
1407,2020-05-15,16,구로구,34.11
1408,2020-05-15,16,금천구,22.3
1409,2020-05-15,16,도봉구,18.75
1410,2020-05-15,16,동작구,33.09
1411,2020-05-15,16,양천구,20.42
1412,2020-05-15,16,영등포구,25.16
1413,2020-05-15,16,은평구,28.35
1414,2020-05-15,17,구로구,30.74
1415,2020-05-15,17,금천구,29.58
1416,2020-05-15,17,도봉구,27.58
1417,2020-05-15,17,동작구,28.81
1418,2020-05-15,17,양천구,28.07
1419,2020-05-15,17,영등포구,27.6
1420,2020-05-15,17,은평구,23.03
1421,2020-05-15,18,구로구,33.44
1422,2020-05-15,18,금천구,33.23
1423,2020-05-15,18,도봉구,32.46
1424,2020-05-15,18,동작구,27.51
1425,2020-05-15,18,양천구,36.45
1426,2020-05-15,18,영등포구,37.62
1427,2020-05-15,18,은평구,29.62
1428,2020-05-15,19,구로구,40.03
1429,2020-05-15,19,금천구,38.64
1430,2020-05-15,19,도봉구,35.43
1431,2020-05-15,19,동작구,37.47
1432,2020-05-15,19,양천구,33.38
1433,2020-05-15,19,영등포구,49.95
1434,2020-05-15,19,은평구,31.98
1435,2020-05-15,20,구로구,39.05
1436,2020-05-15,20,금천구,43.57
1437,2020-05-15,20,도봉구,36.56
1438,2020-05-15,20,동작구,36.74
1439,2020-05-15,20,양천구,35.27
1440,2020-05-15,20,영등포구,39.0
1441,2020-05-15,20,은평구,28.22
1442,2020-05-15,21,구로구,31.75
1443,2020-05-15,21,금천구,28.1
1444,2020-05-15,21,도봉구,32.34
1445,2020-05-15,21,동작구,40.98
1446,2020-05-15,21,양천구,31.48
1447,2020-05-15,21,영등포구,29.4
1448,2020-05-15,21,은평구,20.24
1449,2020-05-15,22,구로구,28.56
1450,2020-05-15,22,금천구,24.57
1451,2020-05-15,22,도봉구,24.36
1452,2020-05-15,22,동작구,39.92
1453,2020-05-15,22,양천구,28.8
1454,2020-05-15,22,영등포구,30.7
1455,2020-05-15,22,은평구,24.38
1456,2020-05-15,23,구로구,25.05
1457,2020-05-15,23,금천구,25.84
1458,2020-05-15,23,도봉구,24.78
1459,2020-05-15,23,동작구,33.14
1460,2020-05-15,23,영등포구,26.18
1461,2020-05-15,23,은평구,18.16
1462,2020-05-16,0,구로구,25.98
1463,2020-05-16,0,금천구,19.83
1464,2020-05-16,0,동작구,35.4
1465,2020-05-16,0,영등포구,25.36
1466,2020-05-16,0,은평구,25.23
1467,2020-05-16,1,구로구,23.88
1468,2020-05-16,1,금천구,15.46
1469,2020-05-16,1,영등포구,22.08
1470,2020-05-16,1,은평구,18.19
1471,2020-05-16,2,금천구,13.75
1472,2020-05-16,2,영등포구,23.99
1473,2020-05-16,3,영등포구,25.37
1474,2020-05-16,4,영등포구,25.55
1475,2020-05-16,5,영등포구,20.08
1476,2020-05-16,8,영등포구,19.93
1477,2020-05-16,9,영등포구,19.22
1478,2020-05-16,10,은평구,19.88
1479,2020-05-16,11,구로구,29.21
1480,2020-05-16,11,금천구,22.02
1481,2020-05-16,11,동작구,42.12
1482,2020-05-16,11,영등포구,34.59
1483,2020-05-16,11,은평구,33.84
1484,2020-05-16,12,구로구,32.06
1485,2020-05-16,12,금천구,23.67
1486,2020-05-16,12,도봉구,21.88
1487,2020-05-16,12,동작구,34.61
1488,2020-05-16,12,양천구,25.15
1489,2020-05-16,12,영등포구,25.63
1490,2020-05-16,12,은평구,31.19
1491,2020-05-16,13,구로구,27.43
1492,2020-05-16,13,금천구,22.36
1493,2020-05-16,13,도봉구,22.52
1494,2020-05-16,13,동작구,34.9
1495,2020-05-16,13,양천구,31.6
1496,2020-05-16,13,영등포구,30.56
1497,2020-05-16,13,은평구,27.04
1498,2020-05-16,14,구로구,24.6
1499,2020-05-16,14,금천구,20.4
1500,2020-05-16,14,도봉구,26.18
1501,2020-05-16,14,동작구,24.97
1502,2020-05-16,14,양천구,31.0
1503,2020-05-16,14,영등포구,26.92
1504,2020-05-16,14,은평구,35.07
1505,2020-05-16,15,구로구,24.22
1506,2020-05-16,15,금천구,25.79
1507,2020-05-16,15,도봉구,19.84
1508,2020-05-16,15,동작구,22.14
1509,2020-05-16,15,양천구,18.48
1510,2020-05-16,15,영등포구,24.63
1511,2020-05-16,15,은평구,23.47
1512,2020-05-16,16,구로구,29.06
1513,2020-05-16,16,금천구,23.1
1514,2020-05-16,16,도봉구,18.62
1515,2020-05-16,16,동작구,23.37
1516,2020-05-16,16,양천구,30.58
1517,2020-05-16,16,영등포구,24.59
1518,2020-05-16,16,은평구,20.83
1519,2020-05-16,17,구로구,29.49
1520,2020-05-16,17,금천구,21.26
1521,2020-05-16,17,도봉구,22.27
1522,2020-05-16,17,동작구,26.17
1523,2020-05-16,17,양천구,27.91
1524,2020-05-16,17,영등포구,24.59
1525,2020-05-16,17,은평구,20.95
1526,2020-05-16,18,구로구,28.63
1527,2020-05-16,18,금천구,25.73
1528,2020-05-16,18,도봉구,22.92
1529,2020-05-16,18,동작구,26.77
1530,2020-05-16,18,양천구,37.38
1531,2020-05-16,18,영등포구,26.62
1532,2020-05-16,18,은평구,25.29
1533,2020-05-16,19,구로구,31.68
1534,2020-05-16,19,금천구,24.72
1535,2020-05-16,19,도봉구,22.91
1536,2020-05-16,19,동작구,33.92
1537,2020-05-16,19,양천구,32.23
1538,2020-05-16,19,영등포구,32.79
1539,2020-05-16,19,은평구,27.67
1540,2020-05-16,20,구로구,28.46
1541,2020-05-16,20,금천구,22.99
1542,2020-05-16,20,도봉구,24.75
1543,2020-05-16,20,동작구,28.72
1544,2020-05-16,20,양천구,33.86
1545,2020-05-16,20,영등포구,26.68
1546,2020-05-16,20,은평구,23.59
1547,2020-05-16,21,구로구,26.88
1548,2020-05-16,21,금천구,24.62
1549,2020-05-16,21,도봉구,23.3
1550,2020-05-16,21,동작구,28.04
1551,2020-05-16,21,양천구,26.63
1552,2020-05-16,21,영등포구,22.79
1553,2020-05-16,21,은평구,23.65
1554,2020-05-16,22,구로구,25.97
1555,2020-05-16,22,금천구,22.36
1556,2020-05-16,22,도봉구,21.26
1557,2020-05-16,22,동작구,23.76
1558,2020-05-16,22,영등포구,25.91
1559,2020-05-16,22,은평구,22.08
1560,2020-05-16,23,구로구,22.95
1561,2020-05-16,23,금천구,22.18
1562,2020-05-16,23,동작구,19.11
1563,2020-05-16,23,영등포구,27.0
1564,2020-05-16,23,은평구,24.42
1565,2020-05-17,0,구로구,20.74
1566,2020-05-17,0,금천구,20.4
1567,2020-05-17,0,동작구,22.9
1568,2020-05-17,0,영등포구,21.41
1569,2020-05-17,0,은평구,18.64
1570,2020-05-17,1,구로구,17.43
1571,2020-05-17,1,금천구,15.9
1572,2020-05-17,1,동작구,19.03
1573,2020-05-17,1,영등포구,24.08
1574,2020-05-17,2,영등포구,20.57
1575,2020-05-17,3,영등포구,19.12
1576,2020-05-17,4,영등포구,15.7
1577,2020-05-17,6,영등포구,11.25
1578,2020-05-17,7,영등포구,5.78
1579,2020-05-17,8,영등포구,8.09
1580,2020-05-17,9,영등포구,21.06
1581,2020-05-17,10,구로구,35.5
1582,2020-05-17,10,동작구,25.31
1583,2020-05-17,10,영등포구,24.26
1584,2020-05-17,10,은평구,23.67
1585,2020-05-17,11,구로구,20.99
1586,2020-05-17,11,금천구,28.73
1587,2020-05-17,11,동작구,23.7
1588,2020-05-17,11,영등포구,26.96
1589,2020-05-17,12,구로구,26.47
1590,2020-05-17,12,금천구,22.2
1591,2020-05-17,12,도봉구,23.62
1592,2020-05-17,12,동작구,34.66
1593,2020-05-17,12,양천구,28.48
1594,2020-05-17,12,영등포구,27.51
1595,2020-05-17,12,은평구,27.04
1596,2020-05-17,13,구로구,23.03
1597,2020-05-17,13,금천구,23.92
1598,2020-05-17,13,도봉구,21.58
1599,2020-05-17,13,동작구,21.21
1600,2020-05-17,13,영등포구,28.1
1601,2020-05-17,14,구로구,24.56
1602,2020-05-17,14,금천구,18.8
1603,2020-05-17,14,도봉구,20.95
1604,2020-05-17,14,동작구,29.31
1605,2020-05-17,14,영등포구,23.21
1606,2020-05-17,14,은평구,25.84
1607,2020-05-17,15,구로구,29.06
1608,2020-05-17,15,금천구,22.66
1609,2020-05-17,15,도봉구,23.05
1610,2020-05-17,15,동작구,26.89
1611,2020-05-17,15,양천구,29.86
1612,2020-05-17,15,영등포구,24.38
1613,2020-05-17,15,은평구,21.53
1614,2020-05-17,16,구로구,28.16
1615,2020-05-17,16,금천구,18.23
1616,2020-05-17,16,도봉구,17.53
1617,2020-05-17,16,영등포구,26.73
1618,2020-05-17,16,은평구,21.28
1619,2020-05-17,17,구로구,29.11
1620,2020-05-17,17,금천구,24.32
1621,2020-05-17,17,도봉구,24.17
1622,2020-05-17,17,동작구,24.56
1623,2020-05-17,17,영등포구,33.5
1624,2020-05-17,17,은평구,22.89
1625,2020-05-17,18,강서구,33.77
1626,2020-05-17,18,구로구,30.0
1627,2020-05-17,18,금천구,25.41
1628,2020-05-17,18,도봉구,24.41
1629,2020-05-17,18,동작구,37.19
1630,2020-05-17,18,양천구,36.89
1631,2020-05-17,18,영등포구,35.93
1632,2020-05-17,18,은평구,27.12
1633,2020-05-17,19,구로구,31.6
1634,2020-05-17,19,금천구,26.91
1635,2020-05-17,19,도봉구,23.73
1636,2020-05-17,19,동작구,20.78
1637,2020-05-17,19,양천구,34.7
1638,2020-05-17,19,영등포구,30.19
1639,2020-05-17,19,은평구,22.95
1640,2020-05-17,20,구로구,26.53
1641,2020-05-17,20,금천구,25.59
1642,2020-05-17,20,도봉구,22.19
1643,2020-05-17,20,동작구,33.56
1644,2020-05-17,20,양천구,37.15
1645,2020-05-17,20,영등포구,25.4
1646,2020-05-17,20,은평구,23.5
1647,2020-05-17,21,구로구,24.43
1648,2020-05-17,21,금천구,24.72
1649,2020-05-17,21,도봉구,21.78
1650,2020-05-17,21,동작구,25.19
1651,2020-05-17,21,양천구,34.61
1652,2020-05-17,21,영등포구,24.59
1653,2020-05-17,21,은평구,21.39
1654,2020-05-17,22,구로구,25.42
1655,2020-05-17,22,금천구,22.34
1656,2020-05-17,22,도봉구,42.26
1657,2020-05-17,22,동작구,29.91
1658,2020-05-17,22,양천구,24.23
1659,2020-05-17,22,영등포구,22.46
1660,2020-05-17,22,은평구,24.06
1661,2020-05-17,23,구로구,22.83
1662,2020-05-17,23,금천구,20.38
1663,2020-05-17,23,도봉구,19.66
1664,2020-05-17,23,동작구,23.53
1665,2020-05-17,23,영등포구,23.7
1666,2020-05-17,23,은평구,20.62
1667,2020-05-19,0,구로구,26.03
1668,2020-05-19,0,금천구,16.77
1669,2020-05-19,0,영등포구,17.41
1670,2020-05-19,0,은평구,22.2
1671,2020-05-19,1,구로구,20.48
1672,2020-05-19,1,금천구,16.6
1673,2020-05-19,1,영등포구,20.85
1674,2020-05-19,1,은평구,22.22
1675,2020-05-19,10,구로구,25.17
1676,2020-05-19,10,동작구,17.73
1677,2020-05-19,10,영등포구,31.44
1678,2020-05-19,10,은평구,22.69
1679,2020-05-19,11,금천구,20.23
1680,2020-05-19,11,동작구,33.15
1681,2020-05-19,11,영등포구,35.6
1682,2020-05-19,11,은평구,24.66
1683,2020-05-19,12,구로구,34.04
1684,2020-05-19,12,금천구,24.06
1685,2020-05-19,12,도봉구,27.43
1686,2020-05-19,12,동작구,23.89
1687,2020-05-19,12,영등포구,26.08
1688,2020-05-19,12,은평구,21.4
1689,2020-05-19,13,구로구,26.33
1690,2020-05-19,13,금천구,23.67
1691,2020-05-19,13,도봉구,23.03
1692,2020-05-19,13,동작구,27.61
1693,2020-05-19,13,양천구,37.75
1694,2020-05-19,13,영등포구,30.93
1695,2020-05-19,13,은평구,27.33
1696,2020-05-19,14,구로구,25.98
1697,2020-05-19,14,금천구,23.89
1698,2020-05-19,14,도봉구,12.93
1699,2020-05-19,14,양천구,37.28
1700,2020-05-19,14,영등포구,30.04
1701,2020-05-19,14,은평구,16.14
1702,2020-05-19,15,구로구,25.98
1703,2020-05-19,15,금천구,21.86
1704,2020-05-19,15,도봉구,25.73
1705,2020-05-19,15,영등포구,28.27
1706,2020-05-19,15,은평구,21.37
1707,2020-05-19,16,구로구,27.74
1708,2020-05-19,16,금천구,21.49
1709,2020-05-19,16,도봉구,23.75
1710,2020-05-19,16,동작구,25.06
1711,2020-05-19,16,양천구,21.4
1712,2020-05-19,16,영등포구,23.74
1713,2020-05-19,16,은평구,21.77
1714,2020-05-19,17,구로구,26.09
1715,2020-05-19,17,금천구,26.65
1716,2020-05-19,17,동작구,24.96
1717,2020-05-19,17,양천구,40.33
1718,2020-05-19,17,영등포구,31.84
1719,2020-05-19,17,은평구,25.9
1720,2020-05-19,18,구로구,30.26
1721,2020-05-19,18,금천구,23.51
1722,2020-05-19,18,도봉구,31.99
1723,2020-05-19,18,동작구,34.87
1724,2020-05-19,18,영등포구,28.91
1725,2020-05-19,18,은평구,24.52
1726,2020-05-19,19,구로구,32.04
1727,2020-05-19,19,금천구,27.2
1728,2020-05-19,19,도봉구,25.5
1729,2020-05-19,19,동작구,23.42
1730,2020-05-19,19,양천구,45.8
1731,2020-05-19,19,영등포구,30.84
1732,2020-05-19,19,은평구,23.93
1733,2020-05-19,20,구로구,28.92
1734,2020-05-19,20,금천구,24.99
1735,2020-05-19,20,도봉구,21.41
1736,2020-05-19,20,동작구,25.79
1737,2020-05-19,20,영등포구,27.62
1738,2020-05-19,20,은평구,21.81
1739,2020-05-19,21,구로구,26.56
1740,2020-05-19,21,금천구,22.91
1741,2020-05-19,21,도봉구,20.59
1742,2020-05-19,21,동작구,32.93
1743,2020-05-19,21,양천구,32.12
1744,2020-05-19,21,영등포구,22.07
1745,2020-05-19,21,은평구,22.06
1746,2020-05-19,22,구로구,26.75
1747,2020-05-19,22,금천구,22.22
1748,2020-05-19,22,도봉구,27.73
1749,2020-05-19,22,동작구,31.76
1750,2020-05-19,22,영등포구,25.88
1751,2020-05-19,22,은평구,19.52
1752,2020-05-19,23,구로구,25.78
1753,2020-05-19,23,금천구,17.86
1754,2020-05-19,23,동작구,26.36
1755,2020-05-19,23,영등포구,23.46
1756,2020-05-19,23,은평구,16.86
1757,2020-05-20,0,구로구,20.05
1758,2020-05-20,0,금천구,19.67
1759,2020-05-20,0,영등포구,20.06
1760,2020-05-20,0,은평구,18.61
1761,2020-05-20,1,금천구,20.5
1762,2020-05-20,1,영등포구,18.58
1763,2020-05-20,1,은평구,15.4
1764,2020-05-20,2,영등포구,21.26
1765,2020-05-20,3,영등포구,17.66
1766,2020-05-20,4,영등포구,17.29
1767,2020-05-20,5,영등포구,15.63
1768,2020-05-20,6,영등포구,23.35
1769,2020-05-20,10,구로구,23.12
1770,2020-05-20,10,동작구,28.98
1771,2020-05-20,10,영등포구,16.46
1772,2020-05-20,11,구로구,19.52
1773,2020-05-20,11,금천구,31.72
1774,2020-05-20,11,동작구,22.43
1775,2020-05-20,11,영등포구,27.74
1776,2020-05-20,11,은평구,8.57
1777,2020-05-20,12,구로구,26.28
1778,2020-05-20,12,금천구,21.32
1779,2020-05-20,12,도봉구,25.95
1780,2020-05-20,12,동작구,23.16
1781,2020-05-20,12,영등포구,42.9
1782,2020-05-20,13,구로구,29.29
1783,2020-05-20,13,금천구,19.77
1784,2020-05-20,13,도봉구,16.25
1785,2020-05-20,13,동작구,41.03
1786,2020-05-20,13,양천구,33.06
1787,2020-05-20,13,영등포구,27.95
1788,2020-05-20,13,은평구,30.1
1789,2020-05-20,14,구로구,24.05
1790,2020-05-20,14,금천구,10.7
1791,2020-05-20,14,동작구,30.02
1792,2020-05-20,14,영등포구,21.34
1793,2020-05-20,14,은평구,23.77
1794,2020-05-20,15,구로구,23.85
1795,2020-05-20,15,금천구,15.43
1796,2020-05-20,15,동작구,17.79
1797,2020-05-20,15,양천구,31.91
1798,2020-05-20,15,영등포구,27.33
1799,2020-05-20,15,은평구,23.0
1800,2020-05-20,16,구로구,24.75
1801,2020-05-20,16,금천구,20.29
1802,2020-05-20,16,도봉구,19.09
1803,2020-05-20,16,영등포구,27.32
1804,2020-05-20,16,은평구,22.56
1805,2020-05-20,17,구로구,29.42
1806,2020-05-20,17,금천구,22.05
1807,2020-05-20,17,도봉구,16.5
1808,2020-05-20,17,동작구,24.04
1809,2020-05-20,17,양천구,43.69
1810,2020-05-20,17,영등포구,32.01
1811,2020-05-20,17,은평구,24.68
1812,2020-05-20,18,구로구,31.65
1813,2020-05-20,18,금천구,25.14
1814,2020-05-20,18,도봉구,23.92
1815,2020-05-20,18,동작구,24.11
1816,2020-05-20,18,영등포구,36.93
1817,2020-05-20,18,은평구,25.61
1818,2020-05-20,19,구로구,31.82
1819,2020-05-20,19,금천구,26.17
1820,2020-05-20,19,도봉구,21.89
1821,2020-05-20,19,동작구,24.25
1822,2020-05-20,19,양천구,27.14
1823,2020-05-20,19,영등포구,37.98
1824,2020-05-20,19,은평구,22.83
1825,2020-05-20,20,구로구,27.62
1826,2020-05-20,20,금천구,23.39
1827,2020-05-20,20,도봉구,27.34
1828,2020-05-20,20,동작구,20.94
1829,2020-05-20,20,양천구,23.15
1830,2020-05-20,20,영등포구,23.2
1831,2020-05-20,20,은평구,23.36
1832,2020-05-20,21,구로구,25.45
1833,2020-05-20,21,금천구,20.37
1834,2020-05-20,21,도봉구,21.48
1835,2020-05-20,21,동작구,19.04
1836,2020-05-20,21,양천구,33.62
1837,2020-05-20,21,영등포구,23.3
1838,2020-05-20,21,은평구,21.22
1839,2020-05-20,22,구로구,26.64
1840,2020-05-20,22,금천구,22.68
1841,2020-05-20,22,도봉구,22.22
1842,2020-05-20,22,동작구,29.32
1843,2020-05-20,22,영등포구,22.12
1844,2020-05-20,22,은평구,20.21
1845,2020-05-20,23,구로구,24.95
1846,2020-05-20,23,금천구,21.36
1847,2020-05-20,23,동작구,20.62
1848,2020-05-20,23,영등포구,20.68
1849,2020-05-20,23,은평구,20.18
1850,2020-05-21,0,구로구,19.6
1851,2020-05-21,0,금천구,18.47
1852,2020-05-21,0,동작구,20.43
1853,2020-05-21,0,영등포구,23.19
1854,2020-05-21,0,은평구,22.43
1855,2020-05-21,1,금천구,18.05
1856,2020-05-21,1,영등포구,22.04
1857,2020-05-21,1,은평구,23.27
1858,2020-05-21,2,영등포구,21.93
1859,2020-05-21,3,영등포구,16.55
1860,2020-05-21,4,영등포구,21.85
1861,2020-05-21,5,영등포구,21.5
1862,2020-05-21,6,영등포구,25.73
1863,2020-05-21,9,영등포구,31.76
1864,2020-05-21,10,동작구,25.83
1865,2020-05-21,10,영등포구,28.69
1866,2020-05-21,11,구로구,31.91
1867,2020-05-21,11,금천구,20.7
1868,2020-05-21,11,동작구,21.77
1869,2020-05-21,11,영등포구,36.25
1870,2020-05-21,11,은평구,22.58
1871,2020-05-21,12,구로구,28.76
1872,2020-05-21,12,금천구,27.41
1873,2020-05-21,12,도봉구,28.9
1874,2020-05-21,12,동작구,12.79
1875,2020-05-21,12,영등포구,27.2
1876,2020-05-21,12,은평구,16.68
1877,2020-05-21,13,구로구,25.6
1878,2020-05-21,13,금천구,17.34
1879,2020-05-21,13,도봉구,20.93
1880,2020-05-21,13,동작구,23.51
1881,2020-05-21,13,양천구,25.27
1882,2020-05-21,13,영등포구,17.71
1883,2020-05-21,13,은평구,15.67
1884,2020-05-21,14,구로구,22.85
1885,2020-05-21,14,금천구,24.18
1886,2020-05-21,14,도봉구,13.93
1887,2020-05-21,14,양천구,19.85
1888,2020-05-21,14,영등포구,20.55
1889,2020-05-21,14,은평구,22.03
1890,2020-05-21,15,구로구,25.7
1891,2020-05-21,15,금천구,20.81
1892,2020-05-21,15,도봉구,23.23
1893,2020-05-21,15,동작구,29.08
1894,2020-05-21,15,영등포구,12.9
1895,2020-05-21,15,은평구,22.4
1896,2020-05-21,16,구로구,25.62
1897,2020-05-21,16,금천구,19.86
1898,2020-05-21,16,도봉구,27.31
1899,2020-05-21,16,영등포구,18.32
1900,2020-05-21,16,은평구,25.07
1901,2020-05-21,17,구로구,29.36
1902,2020-05-21,17,금천구,25.78
1903,2020-05-21,17,도봉구,22.25
1904,2020-05-21,17,동작구,34.48
1905,2020-05-21,17,양천구,24.47
1906,2020-05-21,17,영등포구,25.32
1907,2020-05-21,17,은평구,24.61
1908,2020-05-21,18,구로구,33.8
1909,2020-05-21,18,금천구,24.7
1910,2020-05-21,18,도봉구,24.69
1911,2020-05-21,18,동작구,28.21
1912,2020-05-21,18,양천구,39.13
1913,2020-05-21,18,영등포구,28.09
1914,2020-05-21,18,은평구,23.05
1915,2020-05-21,19,구로구,37.17
1916,2020-05-21,19,금천구,26.37
1917,2020-05-21,19,도봉구,25.33
1918,2020-05-21,19,동작구,30.37
1919,2020-05-21,19,영등포구,30.82
1920,2020-05-21,19,은평구,25.96
1921,2020-05-21,20,구로구,35.46
1922,2020-05-21,20,금천구,22.69
1923,2020-05-21,20,도봉구,23.19
1924,2020-05-21,20,동작구,27.64
1925,2020-05-21,20,양천구,30.84
1926,2020-05-21,20,영등포구,25.75
1927,2020-05-21,20,은평구,26.32
1928,2020-05-21,21,구로구,25.85
1929,2020-05-21,21,금천구,22.17
1930,2020-05-21,21,도봉구,18.61
1931,2020-05-21,21,동작구,34.0
1932,2020-05-21,21,양천구,20.23
1933,2020-05-21,21,영등포구,23.18
1934,2020-05-21,21,은평구,24.0
1935,2020-05-21,22,구로구,24.54
1936,2020-05-21,22,금천구,21.07
1937,2020-05-21,22,도봉구,21.36
1938,2020-05-21,22,동작구,30.99
1939,2020-05-21,22,영등포구,18.36
1940,2020-05-21,22,은평구,21.93
1941,2020-05-21,23,구로구,22.65
1942,2020-05-21,23,금천구,21.53
1943,2020-05-21,23,도봉구,14.25
1944,2020-05-21,23,동작구,33.31
1945,2020-05-21,23,영등포구,23.07
1946,2020-05-21,23,은평구,22.47
1947,2020-05-22,0,구로구,22.77
1948,2020-05-22,0,금천구,18.89
1949,2020-05-22,0,동작구,30.47
1950,2020-05-22,0,영등포구,27.63
1951,2020-05-22,0,은평구,29.57
1952,2020-05-22,1,구로구,33.45
1953,2020-05-22,1,금천구,19.91
1954,2020-05-22,1,영등포구,21.68
1955,2020-05-22,1,은평구,16.48
1956,2020-05-22,2,영등포구,24.67
1957,2020-05-22,3,영등포구,22.01
1958,2020-05-22,5,영등포구,20.28
1959,2020-05-22,6,영등포구,26.57
1960,2020-05-22,8,영등포구,16.86
1961,2020-05-22,9,동작구,33.37
1962,2020-05-22,9,영등포구,21.35
1963,2020-05-22,10,동작구,23.43
1964,2020-05-22,10,영등포구,12.48
1965,2020-05-22,10,은평구,17.52
1966,2020-05-22,11,구로구,30.07
1967,2020-05-22,11,금천구,18.12
1968,2020-05-22,11,동작구,48.0
1969,2020-05-22,11,영등포구,25.39
1970,2020-05-22,11,은평구,22.27
1971,2020-05-22,12,구로구,23.12
1972,2020-05-22,12,금천구,24.66
1973,2020-05-22,12,도봉구,25.99
1974,2020-05-22,12,동작구,17.06
1975,2020-05-22,12,영등포구,25.43
1976,2020-05-22,12,은평구,26.14
1977,2020-05-22,13,구로구,20.34
1978,2020-05-22,13,금천구,23.83
1979,2020-05-22,13,도봉구,20.37
1980,2020-05-22,13,동작구,28.6
1981,2020-05-22,13,양천구,28.48
1982,2020-05-22,13,영등포구,24.26
1983,2020-05-22,14,구로구,20.69
1984,2020-05-22,14,금천구,24.44
1985,2020-05-22,14,도봉구,24.15
1986,2020-05-22,14,동작구,10.75
1987,2020-05-22,14,양천구,21.87
1988,2020-05-22,14,영등포구,21.76
1989,2020-05-22,14,은평구,26.18
1990,2020-05-22,15,구로구,25.34
1991,2020-05-22,15,금천구,22.59
1992,2020-05-22,15,도봉구,19.73
1993,2020-05-22,15,동작구,21.82
1994,2020-05-22,15,영등포구,26.81
1995,2020-05-22,15,은평구,24.57
1996,2020-05-22,16,구로구,26.69
1997,2020-05-22,16,금천구,20.95
1998,2020-05-22,16,도봉구,22.41
1999,2020-05-22,16,동작구,33.37
2000,2020-05-22,16,영등포구,20.9
2001,2020-05-22,16,은평구,22.72
2002,2020-05-22,17,구로구,26.63
2003,2020-05-22,17,금천구,20.42
2004,2020-05-22,17,도봉구,25.95
2005,2020-05-22,17,동작구,19.76
2006,2020-05-22,17,양천구,38.32
2007,2020-05-22,17,영등포구,31.0
2008,2020-05-22,17,은평구,24.9
2009,2020-05-22,18,구로구,32.34
2010,2020-05-22,18,금천구,28.98
2011,2020-05-22,18,도봉구,25.96
2012,2020-05-22,18,동작구,24.48
2013,2020-05-22,18,양천구,27.53
2014,2020-05-22,18,영등포구,36.97
2015,2020-05-22,18,은평구,28.34
2016,2020-05-22,19,구로구,35.66
2017,2020-05-22,19,금천구,29.14
2018,2020-05-22,19,도봉구,31.91
2019,2020-05-22,19,동작구,32.27
2020,2020-05-22,19,양천구,33.24
2021,2020-05-22,19,영등포구,42.6
2022,2020-05-22,19,은평구,26.2
2023,2020-05-22,20,구로구,33.51
2024,2020-05-22,20,금천구,23.88
2025,2020-05-22,20,도봉구,28.75
2026,2020-05-22,20,동작구,37.4
2027,2020-05-22,20,양천구,38.53
2028,2020-05-22,20,영등포구,35.61
2029,2020-05-22,20,은평구,30.51
2030,2020-05-22,21,구로구,27.4
2031,2020-05-22,21,금천구,23.63
2032,2020-05-22,21,도봉구,23.44
2033,2020-05-22,21,동작구,32.63
2034,2020-05-22,21,양천구,21.92
2035,2020-05-22,21,영등포구,26.48
2036,2020-05-22,21,은평구,24.66
2037,2020-05-22,22,구로구,26.69
2038,2020-05-22,22,금천구,21.02
2039,2020-05-22,22,도봉구,24.82
2040,2020-05-22,22,동작구,32.17
2041,2020-05-22,22,영등포구,23.49
2042,2020-05-22,22,은평구,20.04
2043,2020-05-22,23,구로구,26.24
2044,2020-05-22,23,금천구,21.61
2045,2020-05-22,23,동작구,29.69
2046,2020-05-22,23,영등포구,22.98
2047,2020-05-22,23,은평구,19.15
2048,2020-05-23,0,구로구,25.06
2049,2020-05-23,0,금천구,16.51
2050,2020-05-23,0,동작구,21.2
2051,2020-05-23,0,영등포구,21.75
2052,2020-05-23,0,은평구,22.22
2053,2020-05-23,1,구로구,24.3
2054,2020-05-23,1,금천구,20.52
2055,2020-05-23,1,영등포구,19.21
2056,2020-05-23,1,은평구,16.55
2057,2020-05-23,2,영등포구,17.15
2058,2020-05-23,3,영등포구,14.28
2059,2020-05-23,4,영등포구,25.3
2060,2020-05-23,5,영등포구,20.84
2061,2020-05-23,7,영등포구,21.56
2062,2020-05-23,8,영등포구,19.76
2063,2020-05-23,9,동작구,38.44
2064,2020-05-23,10,구로구,22.7
2065,2020-05-23,10,동작구,18.26
2066,2020-05-23,10,영등포구,19.67
2067,2020-05-23,11,구로구,29.32
2068,2020-05-23,11,금천구,18.71
2069,2020-05-23,11,동작구,42.03
2070,2020-05-23,11,양천구,33.25
2071,2020-05-23,11,영등포구,27.49
2072,2020-05-23,12,구로구,31.3
2073,2020-05-23,12,금천구,20.95
2074,2020-05-23,12,도봉구,17.39
2075,2020-05-23,12,동작구,19.43
2076,2020-05-23,12,양천구,32.35
2077,2020-05-23,12,영등포구,27.95
2078,2020-05-23,12,은평구,22.16
2079,2020-05-23,13,구로구,29.45
2080,2020-05-23,13,금천구,20.58
2081,2020-05-23,13,도봉구,22.74
2082,2020-05-23,13,동작구,17.9
2083,2020-05-23,13,영등포구,24.86
2084,2020-05-23,13,은평구,26.5
2085,2020-05-23,14,구로구,25.96
2086,2020-05-23,14,금천구,21.04
2087,2020-05-23,14,도봉구,18.4
2088,2020-05-23,14,동작구,24.04
2089,2020-05-23,14,양천구,26.52
2090,2020-05-23,14,영등포구,25.07
2091,2020-05-23,14,은평구,32.34
2092,2020-05-23,15,구로구,23.94
2093,2020-05-23,15,금천구,20.28
2094,2020-05-23,15,도봉구,24.12
2095,2020-05-23,15,동작구,22.34
2096,2020-05-23,15,영등포구,27.95
2097,2020-05-23,15,은평구,27.13
2098,2020-05-23,16,구로구,24.86
2099,2020-05-23,16,금천구,20.77
2100,2020-05-23,16,도봉구,28.8
2101,2020-05-23,16,동작구,17.0
2102,2020-05-23,16,양천구,39.57
2103,2020-05-23,16,영등포구,20.95
2104,2020-05-23,16,은평구,24.48
2105,2020-05-23,17,구로구,32.0
2106,2020-05-23,17,금천구,24.25
2107,2020-05-23,17,도봉구,27.3
2108,2020-05-23,17,동작구,26.4
2109,2020-05-23,17,양천구,22.82
2110,2020-05-23,17,영등포구,28.57
2111,2020-05-23,17,은평구,24.93
2112,2020-05-23,18,구로구,32.05
2113,2020-05-23,18,금천구,24.25
2114,2020-05-23,18,도봉구,23.66
2115,2020-05-23,18,동작구,34.51
2116,2020-05-23,18,양천구,32.07
2117,2020-05-23,18,영등포구,29.84
2118,2020-05-23,18,은평구,23.91
2119,2020-05-23,19,강서구,32.35
2120,2020-05-23,19,구로구,35.7
2121,2020-05-23,19,금천구,22.53
2122,2020-05-23,19,도봉구,22.58
2123,2020-05-23,19,동작구,35.95
2124,2020-05-23,19,양천구,39.28
2125,2020-05-23,19,영등포구,27.65
2126,2020-05-23,19,은평구,27.84
2127,2020-05-23,20,강서구,21.47
2128,2020-05-23,20,구로구,33.37
2129,2020-05-23,20,금천구,22.46
2130,2020-05-23,20,도봉구,24.58
2131,2020-05-23,20,동작구,26.14
2132,2020-05-23,20,양천구,47.6
2133,2020-05-23,20,영등포구,29.34
2134,2020-05-23,20,은평구,22.88
2135,2020-05-23,21,구로구,27.84
2136,2020-05-23,21,금천구,23.38
2137,2020-05-23,21,도봉구,22.41
2138,2020-05-23,21,동작구,40.75
2139,2020-05-23,21,영등포구,28.8
2140,2020-05-23,21,은평구,22.82
2141,2020-05-23,22,구로구,28.24
2142,2020-05-23,22,금천구,23.05
2143,2020-05-23,22,도봉구,19.45
2144,2020-05-23,22,동작구,33.26
2145,2020-05-23,22,영등포구,28.93
2146,2020-05-23,22,은평구,23.79
2147,2020-05-23,23,구로구,25.47
2148,2020-05-23,23,금천구,28.12
2149,2020-05-23,23,도봉구,17.59
2150,2020-05-23,23,동작구,26.4
2151,2020-05-23,23,영등포구,27.73
2152,2020-05-23,23,은평구,17.06
2153,2020-05-24,0,구로구,24.88
2154,2020-05-24,0,금천구,18.06
2155,2020-05-24,0,동작구,16.35
2156,2020-05-24,0,영등포구,23.06
2157,2020-05-24,0,은평구,25.91
2158,2020-05-24,1,구로구,19.16
2159,2020-05-24,1,금천구,18.1
2160,2020-05-24,1,영등포구,23.0
2161,2020-05-24,1,은평구,15.49
2162,2020-05-24,2,영등포구,24.45
2163,2020-05-24,3,영등포구,19.06
2164,2020-05-24,4,영등포구,34.45
2165,2020-05-24,9,동작구,39.4
2166,2020-05-24,10,구로구,29.66
2167,2020-05-24,10,동작구,19.35
2168,2020-05-24,10,은평구,20.61
2169,2020-05-24,11,구로구,22.67
2170,2020-05-24,11,금천구,21.65
2171,2020-05-24,11,동작구,35.34
2172,2020-05-24,11,영등포구,35.52
2173,2020-05-24,11,은평구,21.67
2174,2020-05-24,12,구로구,28.4
2175,2020-05-24,12,금천구,24.43
2176,2020-05-24,12,도봉구,24.27
2177,2020-05-24,12,동작구,24.18
2178,2020-05-24,12,영등포구,24.18
2179,2020-05-24,12,은평구,18.18
2180,2020-05-24,13,구로구,28.02
2181,2020-05-24,13,금천구,21.57
2182,2020-05-24,13,도봉구,24.91
2183,2020-05-24,13,동작구,36.76
2184,2020-05-24,13,양천구,33.8
2185,2020-05-24,13,영등포구,23.42
2186,2020-05-24,13,은평구,15.62
2187,2020-05-24,14,구로구,26.38
2188,2020-05-24,14,금천구,23.11
2189,2020-05-24,14,도봉구,24.52
2190,2020-05-24,14,동작구,10.71
2191,2020-05-24,14,영등포구,25.52
2192,2020-05-24,14,은평구,18.23
2193,2020-05-24,15,구로구,28.44
2194,2020-05-24,15,금천구,19.23
2195,2020-05-24,15,도봉구,20.72
2196,2020-05-24,15,동작구,21.46
2197,2020-05-24,15,영등포구,24.58
2198,2020-05-24,15,은평구,18.95
2199,2020-05-24,16,구로구,30.35
2200,2020-05-24,16,금천구,20.73
2201,2020-05-24,16,도봉구,23.47
2202,2020-05-24,16,동작구,25.4
2203,2020-05-24,16,양천구,33.07
2204,2020-05-24,16,영등포구,29.43
2205,2020-05-24,16,은평구,22.19
2206,2020-05-24,17,구로구,28.46
2207,2020-05-24,17,금천구,23.74
2208,2020-05-24,17,도봉구,22.49
2209,2020-05-24,17,동작구,27.38
2210,2020-05-24,17,양천구,21.82
2211,2020-05-24,17,영등포구,28.12
2212,2020-05-24,17,은평구,23.51
2213,2020-05-24,18,구로구,33.38
2214,2020-05-24,18,금천구,24.92
2215,2020-05-24,18,도봉구,27.56
2216,2020-05-24,18,동작구,24.81
2217,2020-05-24,18,양천구,30.5
2218,2020-05-24,18,영등포구,34.72
2219,2020-05-24,18,은평구,26.53
2220,2020-05-24,19,구로구,34.26
2221,2020-05-24,19,금천구,24.51
2222,2020-05-24,19,도봉구,27.79
2223,2020-05-24,19,동작구,22.93
2224,2020-05-24,19,양천구,31.54
2225,2020-05-24,19,영등포구,34.48
2226,2020-05-24,19,은평구,22.33
2227,2020-05-24,20,구로구,28.41
2228,2020-05-24,20,금천구,22.15
2229,2020-05-24,20,도봉구,26.4
2230,2020-05-24,20,동작구,27.34
2231,2020-05-24,20,양천구,26.47
2232,2020-05-24,20,영등포구,24.54
2233,2020-05-24,20,은평구,21.2
2234,2020-05-24,21,구로구,26.66
2235,2020-05-24,21,금천구,22.25
2236,2020-05-24,21,도봉구,34.95
2237,2020-05-24,21,동작구,29.14
2238,2020-05-24,21,양천구,22.23
2239,2020-05-24,21,영등포구,22.54
2240,2020-05-24,21,은평구,25.04
2241,2020-05-24,22,구로구,25.48
2242,2020-05-24,22,금천구,22.65
2243,2020-05-24,22,도봉구,20.53
2244,2020-05-24,22,동작구,24.61
2245,2020-05-24,22,양천구,29.02
2246,2020-05-24,22,영등포구,23.46
2247,2020-05-24,22,은평구,19.53
2248,2020-05-24,23,구로구,27.87
2249,2020-05-24,23,금천구,21.34
2250,2020-05-24,23,도봉구,27.73
2251,2020-05-24,23,동작구,27.74
2252,2020-05-24,23,영등포구,21.39
2253,2020-05-24,23,은평구,21.43
2254,2020-05-25,0,구로구,23.56
2255,2020-05-25,0,금천구,18.7
2256,2020-05-25,0,영등포구,24.4
2257,2020-05-25,0,은평구,24.11
2258,2020-05-25,1,금천구,23.39
2259,2020-05-25,1,영등포구,21.05
2260,2020-05-25,1,은평구,20.06
2261,2020-05-25,2,금천구,35.83
2262,2020-05-25,2,영등포구,19.17
2263,2020-05-25,3,영등포구,22.07
2264,2020-05-25,4,영등포구,21.23
2265,2020-05-25,6,영등포구,17.98
2266,2020-05-25,9,구로구,30.38
2267,2020-05-25,9,동작구,38.8
2268,2020-05-25,9,영등포구,20.45
2269,2020-05-25,10,동작구,17.27
2270,2020-05-25,10,영등포구,32.24
2271,2020-05-25,11,구로구,30.73
2272,2020-05-25,11,금천구,27.55
2273,2020-05-25,11,동작구,28.45
2274,2020-05-25,11,영등포구,21.46
2275,2020-05-25,11,은평구,21.68
2276,2020-05-25,12,구로구,26.69
2277,2020-05-25,12,금천구,25.76
2278,2020-05-25,12,도봉구,17.13
2279,2020-05-25,12,동작구,25.78
2280,2020-05-25,12,영등포구,20.23
2281,2020-05-25,12,은평구,18.02
2282,2020-05-25,13,구로구,24.39
2283,2020-05-25,13,금천구,19.31
2284,2020-05-25,13,도봉구,26.88
2285,2020-05-25,13,동작구,27.38
2286,2020-05-25,13,양천구,24.18
2287,2020-05-25,13,영등포구,26.26
2288,2020-05-25,13,은평구,23.11
2289,2020-05-25,14,구로구,24.97
2290,2020-05-25,14,금천구,23.09
2291,2020-05-25,14,동작구,16.58
2292,2020-05-25,14,영등포구,20.5
2293,2020-05-25,14,은평구,16.61
2294,2020-05-25,15,구로구,23.86
2295,2020-05-25,15,금천구,21.88
2296,2020-05-25,15,도봉구,25.23
2297,2020-05-25,15,동작구,22.64
2298,2020-05-25,15,양천구,29.75
2299,2020-05-25,15,영등포구,20.27
2300,2020-05-25,15,은평구,13.7
2301,2020-05-25,16,구로구,25.49
2302,2020-05-25,16,금천구,20.05
2303,2020-05-25,16,도봉구,16.37
2304,2020-05-25,16,영등포구,21.85
2305,2020-05-25,16,은평구,16.08
2306,2020-05-25,17,구로구,23.36
2307,2020-05-25,17,금천구,27.73
2308,2020-05-25,17,동작구,18.49
2309,2020-05-25,17,양천구,28.9
2310,2020-05-25,17,영등포구,26.2
2311,2020-05-25,17,은평구,19.92
2312,2020-05-25,18,구로구,28.95
2313,2020-05-25,18,금천구,24.11
2314,2020-05-25,18,도봉구,28.94
2315,2020-05-25,18,동작구,21.7
2316,2020-05-25,18,양천구,27.43
2317,2020-05-25,18,영등포구,29.2
2318,2020-05-25,18,은평구,17.88
2319,2020-05-25,19,구로구,30.69
2320,2020-05-25,19,금천구,26.91
2321,2020-05-25,19,도봉구,26.5
2322,2020-05-25,19,동작구,27.03
2323,2020-05-25,19,양천구,44.13
2324,2020-05-25,19,영등포구,28.44
2325,2020-05-25,19,은평구,24.0
2326,2020-05-25,20,구로구,26.39
2327,2020-05-25,20,금천구,25.15
2328,2020-05-25,20,도봉구,26.32
2329,2020-05-25,20,동작구,20.63
2330,2020-05-25,20,영등포구,25.86
2331,2020-05-25,20,은평구,19.78
2332,2020-05-25,21,구로구,26.63
2333,2020-05-25,21,금천구,19.26
2334,2020-05-25,21,도봉구,22.88
2335,2020-05-25,21,동작구,28.67
2336,2020-05-25,21,영등포구,22.12
2337,2020-05-25,21,은평구,21.19
2338,2020-05-25,22,구로구,26.21
2339,2020-05-25,22,금천구,22.61
2340,2020-05-25,22,도봉구,25.2
2341,2020-05-25,22,동작구,29.17
2342,2020-05-25,22,영등포구,22.15
2343,2020-05-25,22,은평구,23.27
2344,2020-05-25,23,구로구,24.08
2345,2020-05-25,23,금천구,20.15
2346,2020-05-25,23,동작구,35.46
2347,2020-05-25,23,영등포구,22.82
2348,2020-05-25,23,은평구,20.34
2349,2020-05-26,0,구로구,19.65
2350,2020-05-26,0,금천구,26.52
2351,2020-05-26,0,동작구,28.77
2352,2020-05-26,0,영등포구,27.64
2353,2020-05-26,0,은평구,21.03
2354,2020-05-26,1,구로구,26.02
2355,2020-05-26,1,금천구,21.02
2356,2020-05-26,1,영등포구,21.41
2357,2020-05-26,1,은평구,11.5
2358,2020-05-26,2,영등포구,26.57
2359,2020-05-26,10,구로구,24.57
2360,2020-05-26,10,동작구,40.95
2361,2020-05-26,10,영등포구,20.97
2362,2020-05-26,11,구로구,25.87
2363,2020-05-26,11,금천구,19.18
2364,2020-05-26,11,동작구,28.65
2365,2020-05-26,11,은평구,13.54
2366,2020-05-26,12,구로구,29.99
2367,2020-05-26,12,금천구,19.04
2368,2020-05-26,12,도봉구,21.94
2369,2020-05-26,12,동작구,23.81
2370,2020-05-26,12,은평구,17.46
2371,2020-05-26,13,구로구,34.29
2372,2020-05-26,13,금천구,20.32
2373,2020-05-26,13,양천구,28.65
2374,2020-05-26,13,영등포구,26.46
2375,2020-05-26,13,은평구,17.18
2376,2020-05-26,14,구로구,21.96
2377,2020-05-26,14,금천구,20.06
2378,2020-05-26,14,동작구,24.63
2379,2020-05-26,14,영등포구,34.92
2380,2020-05-26,14,은평구,18.25
2381,2020-05-26,15,구로구,33.55
2382,2020-05-26,15,금천구,25.79
2383,2020-05-26,15,도봉구,27.09
2384,2020-05-26,15,동작구,21.55
2385,2020-05-26,15,영등포구,27.12
2386,2020-05-26,15,은평구,24.1
2387,2020-05-26,16,구로구,26.29
2388,2020-05-26,16,금천구,22.27
2389,2020-05-26,16,도봉구,21.28
2390,2020-05-26,16,동작구,28.41
2391,2020-05-26,16,영등포구,20.75
2392,2020-05-26,16,은평구,25.67
2393,2020-05-26,17,구로구,31.48
2394,2020-05-26,17,금천구,25.62
2395,2020-05-26,17,도봉구,24.93
2396,2020-05-26,17,동작구,19.47
2397,2020-05-26,17,양천구,21.37
2398,2020-05-26,17,영등포구,33.34
2399,2020-05-26,17,은평구,21.64
2400,2020-05-26,18,구로구,35.9
2401,2020-05-26,18,금천구,27.23
2402,2020-05-26,18,도봉구,27.17
2403,2020-05-26,18,동작구,23.54
2404,2020-05-26,18,양천구,23.15
2405,2020-05-26,18,영등포구,33.07
2406,2020-05-26,18,은평구,29.17
2407,2020-05-26,19,구로구,35.77
2408,2020-05-26,19,금천구,28.11
2409,2020-05-26,19,도봉구,32.72
2410,2020-05-26,19,동작구,20.7
2411,2020-05-26,19,양천구,33.63
2412,2020-05-26,19,영등포구,34.51
2413,2020-05-26,19,은평구,28.75
2414,2020-05-26,20,구로구,32.87
2415,2020-05-26,20,금천구,25.38
2416,2020-05-26,20,도봉구,31.41
2417,2020-05-26,20,동작구,26.36
2418,2020-05-26,20,영등포구,23.21
2419,2020-05-26,20,은평구,26.41
2420,2020-05-26,21,구로구,26.01
2421,2020-05-26,21,금천구,21.07
2422,2020-05-26,21,도봉구,21.96
2423,2020-05-26,21,동작구,30.58
2424,2020-05-26,21,양천구,24.75
2425,2020-05-26,21,영등포구,26.72
2426,2020-05-26,21,은평구,23.5
2427,2020-05-26,22,구로구,27.76
2428,2020-05-26,22,금천구,22.26
2429,2020-05-26,22,도봉구,23.47
2430,2020-05-26,22,동작구,22.81
2431,2020-05-26,22,양천구,21.12
2432,2020-05-26,22,영등포구,22.46
2433,2020-05-26,22,은평구,21.08
2434,2020-05-26,23,구로구,26.56
2435,2020-05-26,23,금천구,20.75
2436,2020-05-26,23,동작구,28.42
2437,2020-05-26,23,영등포구,20.99
2438,2020-05-26,23,은평구,21.73
2439,2020-05-27,0,구로구,25.22
2440,2020-05-27,0,금천구,18.2
2441,2020-05-27,0,동작구,12.87
2442,2020-05-27,0,영등포구,22.51
2443,2020-05-27,0,은평구,22.1
2444,2020-05-27,1,구로구,24.37
2445,2020-05-27,1,금천구,24.56
2446,2020-05-27,1,영등포구,18.91
2447,2020-05-27,1,은평구,20.53
2448,2020-05-27,2,금천구,29.22
2449,2020-05-27,2,영등포구,13.2
2450,2020-05-27,11,구로구,24.77
2451,2020-05-27,11,금천구,19.0
2452,2020-05-27,11,동작구,28.52
2453,2020-05-27,11,영등포구,25.3
2454,2020-05-27,11,은평구,14.42
2455,2020-05-27,12,구로구,28.02
2456,2020-05-27,12,금천구,24.42
2457,2020-05-27,12,도봉구,22.04
2458,2020-05-27,12,동작구,25.15
2459,2020-05-27,12,영등포구,22.64
2460,2020-05-27,12,은평구,15.41
2461,2020-05-27,13,구로구,30.03
2462,2020-05-27,13,금천구,19.93
2463,2020-05-27,13,양천구,25.58
2464,2020-05-27,13,영등포구,14.29
2465,2020-05-27,14,구로구,21.54
2466,2020-05-27,14,영등포구,21.23
2467,2020-05-27,14,은평구,15.4
2468,2020-05-27,15,구로구,19.18
2469,2020-05-27,15,금천구,22.8
2470,2020-05-27,15,도봉구,22.02
2471,2020-05-27,15,동작구,20.62
2472,2020-05-27,15,영등포구,23.1
2473,2020-05-27,15,은평구,14.75
2474,2020-05-27,16,구로구,23.53
2475,2020-05-27,16,금천구,18.89
2476,2020-05-27,16,도봉구,27.14
2477,2020-05-27,16,동작구,21.39
2478,2020-05-27,16,영등포구,30.2
2479,2020-05-27,16,은평구,20.82
2480,2020-05-27,17,구로구,25.25
2481,2020-05-27,17,금천구,24.64
2482,2020-05-27,17,도봉구,21.98
2483,2020-05-27,17,동작구,21.93
2484,2020-05-27,17,양천구,21.22
2485,2020-05-27,17,영등포구,23.82
2486,2020-05-27,17,은평구,19.11
2487,2020-05-27,18,구로구,31.61
2488,2020-05-27,18,금천구,23.47
2489,2020-05-27,18,도봉구,25.56
2490,2020-05-27,18,동작구,19.12
2491,2020-05-27,18,양천구,33.61
2492,2020-05-27,18,영등포구,32.93
2493,2020-05-27,18,은평구,24.31
2494,2020-05-27,19,구로구,33.32
2495,2020-05-27,19,금천구,27.61
2496,2020-05-27,19,도봉구,22.87
2497,2020-05-27,19,동작구,25.49
2498,2020-05-27,19,양천구,28.6
2499,2020-05-27,19,영등포구,29.66
2500,2020-05-27,19,은평구,23.34
2501,2020-05-27,20,구로구,28.19
2502,2020-05-27,20,금천구,21.82
2503,2020-05-27,20,도봉구,27.06
2504,2020-05-27,20,동작구,19.84
2505,2020-05-27,20,양천구,20.38
2506,2020-05-27,20,영등포구,24.32
2507,2020-05-27,20,은평구,22.27
2508,2020-05-27,21,구로구,27.02
2509,2020-05-27,21,금천구,19.01
2510,2020-05-27,21,도봉구,24.42
2511,2020-05-27,21,동작구,28.25
2512,2020-05-27,21,양천구,17.3
2513,2020-05-27,21,영등포구,24.16
2514,2020-05-27,21,은평구,21.2
2515,2020-05-27,22,구로구,25.39
2516,2020-05-27,22,금천구,20.15
2517,2020-05-27,22,도봉구,21.2
2518,2020-05-27,22,동작구,21.0
2519,2020-05-27,22,영등포구,26.42
2520,2020-05-27,22,은평구,16.79
2521,2020-05-27,23,구로구,23.65
2522,2020-05-27,23,금천구,21.33
2523,2020-05-27,23,동작구,21.45
2524,2020-05-27,23,영등포구,19.35
2525,2020-05-27,23,은평구,19.57
2526,2020-05-28,0,구로구,21.05
2527,2020-05-28,0,금천구,16.32
2528,2020-05-28,0,동작구,14.69
2529,2020-05-28,0,영등포구,14.28
2530,2020-05-28,0,은평구,15.93
2531,2020-05-28,1,구로구,32.68
2532,2020-05-28,1,금천구,15.8
2533,2020-05-28,1,영등포구,21.35
2534,2020-05-28,1,은평구,24.34
2535,2020-05-28,2,영등포구,17.11
2536,2020-05-28,10,구로구,25.0
2537,2020-05-28,10,동작구,18.68
2538,2020-05-28,11,구로구,23.46
2539,2020-05-28,11,금천구,15.0
2540,2020-05-28,11,도봉구,20.93
2541,2020-05-28,11,동작구,31.19
2542,2020-05-28,11,영등포구,46.07
2543,2020-05-28,11,은평구,18.67
2544,2020-05-28,12,구로구,25.05
2545,2020-05-28,12,금천구,24.71
2546,2020-05-28,12,도봉구,31.59
2547,2020-05-28,12,동작구,26.56
2548,2020-05-28,12,영등포구,21.22
2549,2020-05-28,12,은평구,14.46
2550,2020-05-28,13,구로구,24.77
2551,2020-05-28,13,금천구,21.04
2552,2020-05-28,13,도봉구,23.7
2553,2020-05-28,13,동작구,24.06
2554,2020-05-28,13,양천구,34.1
2555,2020-05-28,13,영등포구,17.06
2556,2020-05-28,13,은평구,20.82
2557,2020-05-28,14,구로구,24.82
2558,2020-05-28,14,금천구,20.33
2559,2020-05-28,14,도봉구,20.63
2560,2020-05-28,14,동작구,23.02
2561,2020-05-28,14,양천구,26.87
2562,2020-05-28,14,영등포구,18.07
2563,2020-05-28,14,은평구,14.84
2564,2020-05-28,15,구로구,27.07
2565,2020-05-28,15,금천구,18.64
2566,2020-05-28,15,동작구,26.73
2567,2020-05-28,15,영등포구,24.22
2568,2020-05-28,15,은평구,25.76
2569,2020-05-28,16,구로구,25.33
2570,2020-05-28,16,도봉구,22.86
2571,2020-05-28,16,동작구,30.55
2572,2020-05-28,16,양천구,25.48
2573,2020-05-28,16,영등포구,37.48
2574,2020-05-28,16,은평구,19.7
2575,2020-05-28,17,구로구,29.56
2576,2020-05-28,17,금천구,23.81
2577,2020-05-28,17,도봉구,27.02
2578,2020-05-28,17,동작구,26.59
2579,2020-05-28,17,양천구,23.52
2580,2020-05-28,17,영등포구,23.36
2581,2020-05-28,17,은평구,23.51
2582,2020-05-28,18,구로구,30.66
2583,2020-05-28,18,금천구,24.73
2584,2020-05-28,18,도봉구,28.45
2585,2020-05-28,18,동작구,26.97
2586,2020-05-28,18,영등포구,28.99
2587,2020-05-28,18,은평구,22.4
2588,2020-05-28,19,구로구,38.29
2589,2020-05-28,19,금천구,24.68
2590,2020-05-28,19,도봉구,29.21
2591,2020-05-28,19,동작구,31.49
2592,2020-05-28,19,영등포구,25.19
2593,2020-05-28,19,은평구,21.69
2594,2020-05-28,20,구로구,36.19
2595,2020-05-28,20,금천구,22.87
2596,2020-05-28,20,도봉구,28.09
2597,2020-05-28,20,동작구,26.93
2598,2020-05-28,20,양천구,40.32
2599,2020-05-28,20,영등포구,21.78
2600,2020-05-28,20,은평구,25.57
2601,2020-05-28,21,구로구,27.82
2602,2020-05-28,21,금천구,20.68
2603,2020-05-28,21,도봉구,27.15
2604,2020-05-28,21,동작구,21.98
2605,2020-05-28,21,양천구,24.57
2606,2020-05-28,21,영등포구,26.15
2607,2020-05-28,21,은평구,21.95
2608,2020-05-28,22,구로구,26.66
2609,2020-05-28,22,금천구,21.29
2610,2020-05-28,22,도봉구,18.75
2611,2020-05-28,22,동작구,31.86
2612,2020-05-28,22,양천구,30.53
2613,2020-05-28,22,영등포구,24.78
2614,2020-05-28,22,은평구,19.99
2615,2020-05-28,23,구로구,23.25
2616,2020-05-28,23,금천구,17.88
2617,2020-05-28,23,동작구,23.02
2618,2020-05-28,23,영등포구,20.86
2619,2020-05-28,23,은평구,27.41
2620,2020-05-29,0,구로구,22.74
2621,2020-05-29,0,금천구,17.49
2622,2020-05-29,0,동작구,35.09
2623,2020-05-29,0,영등포구,26.32
2624,2020-05-29,0,은평구,25.65
2625,2020-05-29,1,구로구,21.88
2626,2020-05-29,1,금천구,29.88
2627,2020-05-29,1,영등포구,13.41
2628,2020-05-29,1,은평구,24.74
2629,2020-05-29,2,영등포구,12.85
2630,2020-05-29,3,동작구,24.6
2631,2020-05-29,9,동작구,28.82
2632,2020-05-29,10,동작구,17.38
2633,2020-05-29,10,영등포구,27.09
2634,2020-05-29,10,은평구,19.99
2635,2020-05-29,11,구로구,22.09
2636,2020-05-29,11,금천구,18.5
2637,2020-05-29,11,동작구,36.32
2638,2020-05-29,11,영등포구,20.91
2639,2020-05-29,11,은평구,22.13
2640,2020-05-29,12,구로구,29.89
2641,2020-05-29,12,금천구,19.57
2642,2020-05-29,12,도봉구,17.64
2643,2020-05-29,12,동작구,28.41
2644,2020-05-29,12,영등포구,22.58
2645,2020-05-29,12,은평구,17.66
2646,2020-05-29,13,구로구,22.33
2647,2020-05-29,13,금천구,21.46
2648,2020-05-29,13,도봉구,22.66
2649,2020-05-29,13,동작구,30.07
2650,2020-05-29,13,영등포구,20.27
2651,2020-05-29,13,은평구,13.84
2652,2020-05-29,14,구로구,21.7
2653,2020-05-29,14,금천구,19.36
2654,2020-05-29,14,도봉구,14.0
2655,2020-05-29,14,동작구,22.48
2656,2020-05-29,14,양천구,30.13
2657,2020-05-29,14,영등포구,22.72
2658,2020-05-29,14,은평구,20.45
2659,2020-05-29,15,구로구,29.02
2660,2020-05-29,15,금천구,21.81
2661,2020-05-29,15,도봉구,15.78
2662,2020-05-29,15,동작구,24.52
2663,2020-05-29,15,영등포구,25.84
2664,2020-05-29,15,은평구,19.0
2665,2020-05-29,16,구로구,26.19
2666,2020-05-29,16,금천구,24.05
2667,2020-05-29,16,동작구,5.85
2668,2020-05-29,16,양천구,31.6
2669,2020-05-29,16,영등포구,21.87
2670,2020-05-29,16,은평구,18.2
2671,2020-05-29,17,구로구,27.95
2672,2020-05-29,17,금천구,22.71
2673,2020-05-29,17,동작구,26.13
2674,2020-05-29,17,영등포구,28.8
2675,2020-05-29,17,은평구,25.43
2676,2020-05-29,18,구로구,31.18
2677,2020-05-29,18,금천구,25.61
2678,2020-05-29,18,도봉구,19.62
2679,2020-05-29,18,동작구,25.27
2680,2020-05-29,18,양천구,27.11
2681,2020-05-29,18,영등포구,30.42
2682,2020-05-29,18,은평구,20.63
2683,2020-05-29,19,구로구,33.39
2684,2020-05-29,19,금천구,30.34
2685,2020-05-29,19,도봉구,32.36
2686,2020-05-29,19,동작구,31.03
2687,2020-05-29,19,양천구,22.53
2688,2020-05-29,19,영등포구,30.46
2689,2020-05-29,19,은평구,22.89
2690,2020-05-29,20,구로구,30.14
2691,2020-05-29,20,금천구,25.17
2692,2020-05-29,20,도봉구,30.79
2693,2020-05-29,20,동작구,27.06
2694,2020-05-29,20,양천구,27.95
2695,2020-05-29,20,영등포구,29.54
2696,2020-05-29,20,은평구,23.04
2697,2020-05-29,21,구로구,27.5
2698,2020-05-29,21,금천구,23.59
2699,2020-05-29,21,도봉구,25.25
2700,2020-05-29,21,동작구,22.24
2701,2020-05-29,21,양천구,29.79
2702,2020-05-29,21,영등포구,32.93
2703,2020-05-29,21,은평구,22.96
2704,2020-05-29,22,구로구,27.17
2705,2020-05-29,22,금천구,21.25
2706,2020-05-29,22,도봉구,19.54
2707,2020-05-29,22,동작구,30.47
2708,2020-05-29,22,양천구,37.53
2709,2020-05-29,22,영등포구,26.64
2710,2020-05-29,22,은평구,27.37
2711,2020-05-29,23,구로구,29.48
2712,2020-05-29,23,금천구,20.82
2713,2020-05-29,23,동작구,29.32
2714,2020-05-29,23,영등포구,25.59
2715,2020-05-29,23,은평구,23.21
2716,2020-05-30,0,구로구,23.91
2717,2020-05-30,0,금천구,17.93
2718,2020-05-30,0,동작구,23.93
2719,2020-05-30,0,영등포구,24.79
2720,2020-05-30,0,은평구,21.05
2721,2020-05-30,1,구로구,20.87
2722,2020-05-30,1,금천구,16.99
2723,2020-05-30,1,동작구,23.35
2724,2020-05-30,1,영등포구,22.36
2725,2020-05-30,1,은평구,15.55
2726,2020-05-30,2,영등포구,21.78
2727,2020-05-30,3,영등포구,12.15
2728,2020-05-30,9,동작구,29.35
2729,2020-05-30,9,영등포구,18.77
2730,2020-05-30,10,구로구,26.55
2731,2020-05-30,10,동작구,29.59
2732,2020-05-30,10,영등포구,28.17
2733,2020-05-30,11,구로구,33.66
2734,2020-05-30,11,금천구,16.96
2735,2020-05-30,11,동작구,35.78
2736,2020-05-30,11,양천구,35.55
2737,2020-05-30,11,영등포구,27.75
2738,2020-05-30,11,은평구,21.8
2739,2020-05-30,12,구로구,33.01
2740,2020-05-30,12,금천구,28.74
2741,2020-05-30,12,도봉구,21.73
2742,2020-05-30,12,동작구,31.26
2743,2020-05-30,12,양천구,25.83
2744,2020-05-30,12,영등포구,28.58
2745,2020-05-30,12,은평구,24.29
2746,2020-05-30,13,구로구,31.8
2747,2020-05-30,13,금천구,18.99
2748,2020-05-30,13,도봉구,27.9
2749,2020-05-30,13,동작구,31.73
2750,2020-05-30,13,양천구,27.27
2751,2020-05-30,13,영등포구,26.61
2752,2020-05-30,13,은평구,28.73
2753,2020-05-30,14,구로구,29.35
2754,2020-05-30,14,금천구,23.99
2755,2020-05-30,14,도봉구,25.82
2756,2020-05-30,14,동작구,27.96
2757,2020-05-30,14,영등포구,23.85
2758,2020-05-30,14,은평구,30.14
2759,2020-05-30,15,구로구,32.36
2760,2020-05-30,15,금천구,19.77
2761,2020-05-30,15,도봉구,19.69
2762,2020-05-30,15,동작구,26.96
2763,2020-05-30,15,양천구,40.38
2764,2020-05-30,15,영등포구,28.63
2765,2020-05-30,15,은평구,29.27
2766,2020-05-30,16,구로구,32.96
2767,2020-05-30,16,금천구,19.78
2768,2020-05-30,16,도봉구,19.01
2769,2020-05-30,16,동작구,26.21
2770,2020-05-30,16,양천구,26.37
2771,2020-05-30,16,영등포구,22.48
2772,2020-05-30,16,은평구,24.89
2773,2020-05-30,17,구로구,30.62
2774,2020-05-30,17,금천구,22.1
2775,2020-05-30,17,도봉구,21.14
2776,2020-05-30,17,동작구,27.78
2777,2020-05-30,17,양천구,46.96
2778,2020-05-30,17,영등포구,27.45
2779,2020-05-30,17,은평구,27.45
2780,2020-05-30,18,구로구,34.89
2781,2020-05-30,18,금천구,21.17
2782,2020-05-30,18,도봉구,28.33
2783,2020-05-30,18,동작구,36.96
2784,2020-05-30,18,양천구,27.43
2785,2020-05-30,18,영등포구,33.63
2786,2020-05-30,18,은평구,26.73
2787,2020-05-30,19,구로구,36.04
2788,2020-05-30,19,금천구,20.13
2789,2020-05-30,19,도봉구,27.55
2790,2020-05-30,19,동작구,37.41
2791,2020-05-30,19,양천구,25.62
2792,2020-05-30,19,영등포구,32.16
2793,2020-05-30,19,은평구,25.79
2794,2020-05-30,20,구로구,33.54
2795,2020-05-30,20,금천구,22.15
2796,2020-05-30,20,도봉구,20.68
2797,2020-05-30,20,동작구,31.29
2798,2020-05-30,20,양천구,35.19
2799,2020-05-30,20,영등포구,24.4
2800,2020-05-30,20,은평구,23.37
2801,2020-05-30,21,구로구,26.93
2802,2020-05-30,21,금천구,24.36
2803,2020-05-30,21,도봉구,23.06
2804,2020-05-30,21,동작구,26.64
2805,2020-05-30,21,영등포구,23.95
2806,2020-05-30,21,은평구,24.62
2807,2020-05-30,22,구로구,25.67
2808,2020-05-30,22,금천구,22.25
2809,2020-05-30,22,도봉구,21.32
2810,2020-05-30,22,동작구,25.73
2811,2020-05-30,22,영등포구,24.98
2812,2020-05-30,22,은평구,27.27
2813,2020-05-30,23,구로구,23.67
2814,2020-05-30,23,금천구,19.1
2815,2020-05-30,23,동작구,28.05
2816,2020-05-30,23,영등포구,25.26
2817,2020-05-30,23,은평구,25.25
2818,2020-05-31,0,구로구,22.24
2819,2020-05-31,0,금천구,22.18
2820,2020-05-31,0,동작구,27.73
2821,2020-05-31,0,영등포구,22.7
2822,2020-05-31,0,은평구,22.41
2823,2020-05-31,1,구로구,21.19
2824,2020-05-31,1,금천구,20.74
2825,2020-05-31,1,동작구,22.96
2826,2020-05-31,1,영등포구,17.9
2827,2020-05-31,1,은평구,23.66
2828,2020-05-31,2,영등포구,22.84
2829,2020-05-31,3,영등포구,15.88
2830,2020-05-31,4,영등포구,19.35
2831,2020-05-31,9,동작구,42.11
2832,2020-05-31,10,구로구,25.77
2833,2020-05-31,10,동작구,17.69
2834,2020-05-31,10,영등포구,31.99
2835,2020-05-31,11,구로구,25.87
2836,2020-05-31,11,금천구,15.89
2837,2020-05-31,11,동작구,27.92
2838,2020-05-31,11,양천구,27.33
2839,2020-05-31,11,영등포구,35.31
2840,2020-05-31,11,은평구,12.57
2841,2020-05-31,12,구로구,30.12
2842,2020-05-31,12,금천구,21.07
2843,2020-05-31,12,도봉구,22.06
2844,2020-05-31,12,동작구,25.48
2845,2020-05-31,12,양천구,19.15
2846,2020-05-31,12,영등포구,30.41
2847,2020-05-31,12,은평구,15.62
2848,2020-05-31,13,구로구,28.04
2849,2020-05-31,13,금천구,20.85
2850,2020-05-31,13,도봉구,20.87
2851,2020-05-31,13,동작구,18.81
2852,2020-05-31,13,양천구,32.13
2853,2020-05-31,13,영등포구,34.7
2854,2020-05-31,13,은평구,21.17
2855,2020-05-31,14,구로구,29.38
2856,2020-05-31,14,금천구,23.92
2857,2020-05-31,14,도봉구,28.99
2858,2020-05-31,14,동작구,22.0
2859,2020-05-31,14,영등포구,22.43
2860,2020-05-31,14,은평구,17.88
2861,2020-05-31,15,구로구,29.1
2862,2020-05-31,15,금천구,22.16
2863,2020-05-31,15,도봉구,24.0
2864,2020-05-31,15,동작구,22.95
2865,2020-05-31,15,양천구,15.92
2866,2020-05-31,15,영등포구,26.24
2867,2020-05-31,15,은평구,18.51
2868,2020-05-31,16,구로구,27.18
2869,2020-05-31,16,금천구,21.42
2870,2020-05-31,16,도봉구,20.9
2871,2020-05-31,16,동작구,19.98
2872,2020-05-31,16,양천구,31.28
2873,2020-05-31,16,영등포구,29.69
2874,2020-05-31,16,은평구,29.88
2875,2020-05-31,17,구로구,29.46
2876,2020-05-31,17,금천구,22.46
2877,2020-05-31,17,도봉구,24.01
2878,2020-05-31,17,동작구,29.04
2879,2020-05-31,17,양천구,8.75
2880,2020-05-31,17,영등포구,30.62
2881,2020-05-31,17,은평구,26.26
2882,2020-05-31,18,구로구,33.54
2883,2020-05-31,18,금천구,21.08
2884,2020-05-31,18,도봉구,28.13
2885,2020-05-31,18,동작구,27.69
2886,2020-05-31,18,양천구,30.07
2887,2020-05-31,18,영등포구,33.6
2888,2020-05-31,18,은평구,27.2
2889,2020-05-31,19,구로구,31.78
2890,2020-05-31,19,금천구,23.88
2891,2020-05-31,19,도봉구,27.1
2892,2020-05-31,19,동작구,25.2
2893,2020-05-31,19,영등포구,29.82
2894,2020-05-31,19,은평구,26.48
2895,2020-05-31,20,구로구,26.26
2896,2020-05-31,20,금천구,21.79
2897,2020-05-31,20,도봉구,20.1
2898,2020-05-31,20,동작구,21.72
2899,2020-05-31,20,양천구,27.19
2900,2020-05-31,20,영등포구,30.01
2901,2020-05-31,20,은평구,29.95
2902,2020-05-31,21,구로구,27.27
2903,2020-05-31,21,금천구,21.45
2904,2020-05-31,21,도봉구,23.39
2905,2020-05-31,21,동작구,29.08
2906,2020-05-31,21,양천구,22.15
2907,2020-05-31,21,영등포구,31.02
2908,2020-05-31,21,은평구,26.34
2909,2020-05-31,22,구로구,29.79
2910,2020-05-31,22,금천구,23.77
2911,2020-05-31,22,도봉구,24.4
2912,2020-05-31,22,동작구,27.71
2913,2020-05-31,22,양천구,39.43
2914,2020-05-31,22,영등포구,35.84
2915,2020-05-31,22,은평구,20.83
2916,2020-05-31,23,구로구,29.11
2917,2020-05-31,23,금천구,17.93
2918,2020-05-31,23,도봉구,20.15
2919,2020-05-31,23,동작구,22.21
2920,2020-05-31,23,영등포구,29.67
2921,2020-05-31,23,은평구,21.94
